<?xml version="1.0" encoding="ISO-8859-1"?> 
<?xml-stylesheet href="latest_ob.xsl" type="text/xsl"?>
<current_observation version="1.0"
	 xmlns:xsd="http://www.w3.org/2001/XMLSchema"
	 xmlns:xsi="http://www.w3.org/2001/XMLSchema-instance"
	 xsi:noNamespaceSchemaLocation="http://www.weather.gov/view/current_observation.xsd">
	<credit>NOAA's National Weather Service</credit>
	<credit_URL>http://weather.gov/</credit_URL>
	<image>
		<url>http://weather.gov/images/xml_logo.gif</url>
		<title>NOAA's National Weather Service</title>
		<link>http://weather.gov</link>
	</image>
	<suggested_pickup>15 minutes after the hour</suggested_pickup>
	<suggested_pickup_period>60</suggested_pickup_period>
	<location>Unknown Station</location>
	<station_id>CMFM</station_id>
	<observation_time>Last Updated on Oct 9 2012, 4:00 am ST </observation_time>
        <observation_time_rfc822>Tue, 09 Oct 2012 04:00:00 +0000</observation_time_rfc822>
	<temperature_string>24.0 F (-4.2 C)</temperature_string>
	<temp_f>24.0</temp_f>
	<temp_c>-4.2</temp_c>
	<relative_humidity>98</relative_humidity>
	<wind_string>West at 1.2 MPH (1 KT)</wind_string>
	<wind_dir>West</wind_dir>
	<wind_degrees>280</wind_degrees>
	<wind_mph>1.2</wind_mph>
	<wind_kt>1</wind_kt>
	<pressure_string>1027.2 mb</pressure_string>
	<pressure_mb>1027.2</pressure_mb>
	<dewpoint_string>23.9 F (-4.5 C)</dewpoint_string>
	<dewpoint_f>23.9</dewpoint_f>
	<dewpoint_c>-4.5</dewpoint_c>
	<two_day_history_url>http://www.weather.gov/data/obhistory/CMFM.html</two_day_history_url>
	<ob_url>http://www.nws.noaa.gov/data/METAR/CMFM.1.txt</ob_url>
	<disclaimer_url>http://weather.gov/disclaimer</disclaimer_url>
	<copyright_url>http://weather.gov/disclaimer</copyright_url>
	<privacy_policy_url>http://weather.gov/privacy</privacy_policy_url>
</current_observation>
