<?xml version="1.0" encoding="ISO-8859-1"?> 
<?xml-stylesheet href="latest_ob.xsl" type="text/xsl"?>
<current_observation version="1.0"
	 xmlns:xsd="http://www.w3.org/2001/XMLSchema"
	 xmlns:xsi="http://www.w3.org/2001/XMLSchema-instance"
	 xsi:noNamespaceSchemaLocation="http://www.weather.gov/view/current_observation.xsd">
	<credit>NOAA's National Weather Service</credit>
	<credit_URL>http://weather.gov/</credit_URL>
	<image>
		<url>http://weather.gov/images/xml_logo.gif</url>
		<title>NOAA's National Weather Service</title>
		<link>http://weather.gov</link>
	</image>
	<suggested_pickup>15 minutes after the hour</suggested_pickup>
	<suggested_pickup_period>60</suggested_pickup_period>
	<location>Unknown Station</location>
	<station_id>CWDA</station_id>
	<observation_time>Last Updated on Oct 9 2012, 6:00 pm ST </observation_time>
        <observation_time_rfc822>Tue, 09 Oct 2012 18:00:00 +0000</observation_time_rfc822>
	<temperature_string>53.0 F (11.4 C)</temperature_string>
	<temp_f>53.0</temp_f>
	<temp_c>11.4</temp_c>
	<relative_humidity>49</relative_humidity>
	<wind_string>from the Northwest at 18.4 gusting to 25.3 MPH (16 gusting to 22 KT)</wind_string>
	<wind_dir>Northwest</wind_dir>
	<wind_degrees>300</wind_degrees>
	<wind_mph>18.4</wind_mph>
	<wind_gust_mph>25.3</wind_gust_mph>
	<wind_kt>16</wind_kt>
	<wind_gust_kt>22</wind_gust_kt>
	<pressure_string>1025.6 mb</pressure_string>
	<pressure_mb>1025.6</pressure_mb>
	<dewpoint_string>33.6 F (0.9 C)</dewpoint_string>
	<dewpoint_f>33.6</dewpoint_f>
	<dewpoint_c>0.9</dewpoint_c>
	<windchill_string>48 F (9 C)</windchill_string>
      	<windchill_f>48</windchill_f>
      	<windchill_c>9</windchill_c>
	<two_day_history_url>http://www.weather.gov/data/obhistory/CWDA.html</two_day_history_url>
	<ob_url>http://www.nws.noaa.gov/data/METAR/CWDA.1.txt</ob_url>
	<disclaimer_url>http://weather.gov/disclaimer</disclaimer_url>
	<copyright_url>http://weather.gov/disclaimer</copyright_url>
	<privacy_policy_url>http://weather.gov/privacy</privacy_policy_url>
</current_observation>
