<?xml version="1.0" encoding="ISO-8859-1"?> 
<?xml-stylesheet href="latest_ob.xsl" type="text/xsl"?>
<current_observation version="1.0"
	 xmlns:xsd="http://www.w3.org/2001/XMLSchema"
	 xmlns:xsi="http://www.w3.org/2001/XMLSchema-instance"
	 xsi:noNamespaceSchemaLocation="http://www.weather.gov/view/current_observation.xsd">
	<credit>NOAA's National Weather Service</credit>
	<credit_URL>http://weather.gov/</credit_URL>
	<image>
		<url>http://weather.gov/images/xml_logo.gif</url>
		<title>NOAA's National Weather Service</title>
		<link>http://weather.gov</link>
	</image>
	<suggested_pickup>15 minutes after the hour</suggested_pickup>
	<suggested_pickup_period>60</suggested_pickup_period>
	<location>Unknown Station</location>
	<station_id>CWEL</station_id>
	<observation_time>Last Updated on Oct 3 2012, 11:00 pm ST </observation_time>
        <observation_time_rfc822>Wed, 03 Oct 2012 23:00:00 +0000</observation_time_rfc822>
	<weather>Windy</weather>
	<temperature_string>57.0 F (13.7 C)</temperature_string>
	<temp_f>57.0</temp_f>
	<temp_c>13.7</temp_c>
	<relative_humidity>56</relative_humidity>
	<wind_string>from the Northwest at 26.5 gusting to 32.2 MPH (23 gusting to 28 KT)</wind_string>
	<wind_dir>Northwest</wind_dir>
	<wind_degrees>310</wind_degrees>
	<wind_mph>26.5</wind_mph>
	<wind_gust_mph>32.2</wind_gust_mph>
	<wind_kt>23</wind_kt>
	<wind_gust_kt>28</wind_gust_kt>
	<pressure_string>1022.1 mb</pressure_string>
	<pressure_mb>1022.1</pressure_mb>
	<dewpoint_string>41.2 F (5.1 C)</dewpoint_string>
	<dewpoint_f>41.2</dewpoint_f>
	<dewpoint_c>5.1</dewpoint_c>
	<windchill_string>52 F (11 C)</windchill_string>
      	<windchill_f>52</windchill_f>
      	<windchill_c>11</windchill_c>
 	<icon_url_base>http://w1.weather.gov/images/fcicons/</icon_url_base>
	<two_day_history_url>http://www.weather.gov/data/obhistory/CWEL.html</two_day_history_url>
	<icon_url_name>nwind.jpg</icon_url_name>
	<ob_url>http://www.nws.noaa.gov/data/METAR/CWEL.1.txt</ob_url>
	<disclaimer_url>http://weather.gov/disclaimer</disclaimer_url>
	<copyright_url>http://weather.gov/disclaimer</copyright_url>
	<privacy_policy_url>http://weather.gov/privacy</privacy_policy_url>
</current_observation>
