<?xml version="1.0" encoding="ISO-8859-1"?> 
<?xml-stylesheet href="latest_ob.xsl" type="text/xsl"?>
<current_observation version="1.0"
	 xmlns:xsd="http://www.w3.org/2001/XMLSchema"
	 xmlns:xsi="http://www.w3.org/2001/XMLSchema-instance"
	 xsi:noNamespaceSchemaLocation="http://www.weather.gov/view/current_observation.xsd">
	<credit>NOAA's National Weather Service</credit>
	<credit_URL>http://weather.gov/</credit_URL>
	<image>
		<url>http://weather.gov/images/xml_logo.gif</url>
		<title>NOAA's National Weather Service</title>
		<link>http://weather.gov</link>
	</image>
	<suggested_pickup>15 minutes after the hour</suggested_pickup>
	<suggested_pickup_period>60</suggested_pickup_period>
	<location>Unknown Station</location>
	<station_id>CWJR</station_id>
	<observation_time>Last Updated on Oct 9 2012, 11:00 pm ST </observation_time>
        <observation_time_rfc822>Tue, 09 Oct 2012 23:00:00 +0000</observation_time_rfc822>
	<temperature_string>49.0 F (9.6 C)</temperature_string>
	<temp_f>49.0</temp_f>
	<temp_c>9.6</temp_c>
	<relative_humidity>71</relative_humidity>
	<wind_string>North at 2.3 MPH (2 KT)</wind_string>
	<wind_dir>North</wind_dir>
	<wind_degrees>10</wind_degrees>
	<wind_mph>2.3</wind_mph>
	<wind_kt>2</wind_kt>
	<pressure_string>1016.5 mb</pressure_string>
	<pressure_mb>1016.5</pressure_mb>
	<dewpoint_string>40.1 F (4.5 C)</dewpoint_string>
	<dewpoint_f>40.1</dewpoint_f>
	<dewpoint_c>4.5</dewpoint_c>
	<two_day_history_url>http://www.weather.gov/data/obhistory/CWJR.html</two_day_history_url>
	<ob_url>http://www.nws.noaa.gov/data/METAR/CWJR.1.txt</ob_url>
	<disclaimer_url>http://weather.gov/disclaimer</disclaimer_url>
	<copyright_url>http://weather.gov/disclaimer</copyright_url>
	<privacy_policy_url>http://weather.gov/privacy</privacy_policy_url>
</current_observation>
