<?xml version="1.0" encoding="ISO-8859-1"?> 
<?xml-stylesheet href="latest_ob.xsl" type="text/xsl"?>
<current_observation version="1.0"
	 xmlns:xsd="http://www.w3.org/2001/XMLSchema"
	 xmlns:xsi="http://www.w3.org/2001/XMLSchema-instance"
	 xsi:noNamespaceSchemaLocation="http://www.weather.gov/view/current_observation.xsd">
	<credit>NOAA's National Weather Service</credit>
	<credit_URL>http://weather.gov/</credit_URL>
	<image>
		<url>http://weather.gov/images/xml_logo.gif</url>
		<title>NOAA's National Weather Service</title>
		<link>http://weather.gov</link>
	</image>
	<suggested_pickup>15 minutes after the hour</suggested_pickup>
	<suggested_pickup_period>60</suggested_pickup_period>
	<location>Unknown Station</location>
	<station_id>CWKH</station_id>
	<observation_time>Last Updated on Oct 9 2012, 4:00 pm ST </observation_time>
        <observation_time_rfc822>Tue, 09 Oct 2012 16:00:00 +0000</observation_time_rfc822>
	<temperature_string>50.0 F (10.1 C)</temperature_string>
	<temp_f>50.0</temp_f>
	<temp_c>10.1</temp_c>
	<relative_humidity>79</relative_humidity>
	<pressure_string>1017.7 mb</pressure_string>
	<pressure_mb>1017.7</pressure_mb>
	<dewpoint_string>43.9 F (6.6 C)</dewpoint_string>
	<dewpoint_f>43.9</dewpoint_f>
	<dewpoint_c>6.6</dewpoint_c>
	<two_day_history_url>http://www.weather.gov/data/obhistory/CWKH.html</two_day_history_url>
	<ob_url>http://www.nws.noaa.gov/data/METAR/CWKH.1.txt</ob_url>
	<disclaimer_url>http://weather.gov/disclaimer</disclaimer_url>
	<copyright_url>http://weather.gov/disclaimer</copyright_url>
	<privacy_policy_url>http://weather.gov/privacy</privacy_policy_url>
</current_observation>
