<?xml version="1.0" encoding="ISO-8859-1"?> 
<?xml-stylesheet href="latest_ob.xsl" type="text/xsl"?>
<current_observation version="1.0"
	 xmlns:xsd="http://www.w3.org/2001/XMLSchema"
	 xmlns:xsi="http://www.w3.org/2001/XMLSchema-instance"
	 xsi:noNamespaceSchemaLocation="http://www.weather.gov/view/current_observation.xsd">
	<credit>NOAA's National Weather Service</credit>
	<credit_URL>http://weather.gov/</credit_URL>
	<image>
		<url>http://weather.gov/images/xml_logo.gif</url>
		<title>NOAA's National Weather Service</title>
		<link>http://weather.gov</link>
	</image>
	<suggested_pickup>15 minutes after the hour</suggested_pickup>
	<suggested_pickup_period>60</suggested_pickup_period>
	<location>Unknown Station</location>
	<station_id>CWKO</station_id>
	<observation_time>Last Updated on Oct 9 2012, 6:00 pm ST </observation_time>
        <observation_time_rfc822>Tue, 09 Oct 2012 18:00:00 +0000</observation_time_rfc822>
	<temperature_string>38.0 F (3.5 C)</temperature_string>
	<temp_f>38.0</temp_f>
	<temp_c>3.5</temp_c>
	<relative_humidity>42</relative_humidity>
	<wind_string>Northwest at 12.7 MPH (11 KT)</wind_string>
	<wind_dir>Northwest</wind_dir>
	<wind_degrees>330</wind_degrees>
	<wind_mph>12.7</wind_mph>
	<wind_kt>11</wind_kt>
	<pressure_string>1020.4 mb</pressure_string>
	<pressure_mb>1020.4</pressure_mb>
	<dewpoint_string>16.9 F (-8.4 C)</dewpoint_string>
	<dewpoint_f>16.9</dewpoint_f>
	<dewpoint_c>-8.4</dewpoint_c>
	<windchill_string>30 F (-1 C)</windchill_string>
      	<windchill_f>30</windchill_f>
      	<windchill_c>-1</windchill_c>
	<two_day_history_url>http://www.weather.gov/data/obhistory/CWKO.html</two_day_history_url>
	<ob_url>http://www.nws.noaa.gov/data/METAR/CWKO.1.txt</ob_url>
	<disclaimer_url>http://weather.gov/disclaimer</disclaimer_url>
	<copyright_url>http://weather.gov/disclaimer</copyright_url>
	<privacy_policy_url>http://weather.gov/privacy</privacy_policy_url>
</current_observation>
