<?xml version="1.0" encoding="ISO-8859-1"?> 
<?xml-stylesheet href="latest_ob.xsl" type="text/xsl"?>
<current_observation version="1.0"
	 xmlns:xsd="http://www.w3.org/2001/XMLSchema"
	 xmlns:xsi="http://www.w3.org/2001/XMLSchema-instance"
	 xsi:noNamespaceSchemaLocation="http://www.weather.gov/view/current_observation.xsd">
	<credit>NOAA's National Weather Service</credit>
	<credit_URL>http://weather.gov/</credit_URL>
	<image>
		<url>http://weather.gov/images/xml_logo.gif</url>
		<title>NOAA's National Weather Service</title>
		<link>http://weather.gov</link>
	</image>
	<suggested_pickup>15 minutes after the hour</suggested_pickup>
	<suggested_pickup_period>60</suggested_pickup_period>
	<location>Unknown Station</location>
	<station_id>CWVN</station_id>
	<observation_time>Last Updated on Oct 9 2012, 6:00 pm ST </observation_time>
        <observation_time_rfc822>Tue, 09 Oct 2012 18:00:00 +0000</observation_time_rfc822>
	<temperature_string>43.0 F (6.2 C)</temperature_string>
	<temp_f>43.0</temp_f>
	<temp_c>6.2</temp_c>
	<relative_humidity>46</relative_humidity>
	<wind_string>from the Northwest at 13.8 gusting to 23.0 MPH (12 gusting to 20 KT)</wind_string>
	<wind_dir>Northwest</wind_dir>
	<wind_degrees>330</wind_degrees>
	<wind_mph>13.8</wind_mph>
	<wind_gust_mph>23.0</wind_gust_mph>
	<wind_kt>12</wind_kt>
	<wind_gust_kt>20</wind_gust_kt>
	<pressure_string>1021.1 mb</pressure_string>
	<pressure_mb>1021.1</pressure_mb>
	<dewpoint_string>23.4 F (-4.8 C)</dewpoint_string>
	<dewpoint_f>23.4</dewpoint_f>
	<dewpoint_c>-4.8</dewpoint_c>
	<windchill_string>36 F (2 C)</windchill_string>
      	<windchill_f>36</windchill_f>
      	<windchill_c>2</windchill_c>
	<two_day_history_url>http://www.weather.gov/data/obhistory/CWVN.html</two_day_history_url>
	<ob_url>http://www.nws.noaa.gov/data/METAR/CWVN.1.txt</ob_url>
	<disclaimer_url>http://weather.gov/disclaimer</disclaimer_url>
	<copyright_url>http://weather.gov/disclaimer</copyright_url>
	<privacy_policy_url>http://weather.gov/privacy</privacy_policy_url>
</current_observation>
