<?xml version="1.0" encoding="ISO-8859-1"?> 
<?xml-stylesheet href="latest_ob.xsl" type="text/xsl"?>
<current_observation version="1.0"
	 xmlns:xsd="http://www.w3.org/2001/XMLSchema"
	 xmlns:xsi="http://www.w3.org/2001/XMLSchema-instance"
	 xsi:noNamespaceSchemaLocation="http://www.weather.gov/view/current_observation.xsd">
	<credit>NOAA's National Weather Service</credit>
	<credit_URL>http://weather.gov/</credit_URL>
	<image>
		<url>http://weather.gov/images/xml_logo.gif</url>
		<title>NOAA's National Weather Service</title>
		<link>http://weather.gov</link>
	</image>
	<suggested_pickup>15 minutes after the hour</suggested_pickup>
	<suggested_pickup_period>60</suggested_pickup_period>
	<location>Unknown Station</location>
	<station_id>CWVU</station_id>
	<observation_time>Last Updated on Sep 18 2012, 5:00 pm ST </observation_time>
        <observation_time_rfc822>Tue, 18 Sep 2012 17:00:00 +0000</observation_time_rfc822>
	<temperature_string>67.0 F (19.2 C)</temperature_string>
	<temp_f>67.0</temp_f>
	<temp_c>19.2</temp_c>
	<relative_humidity>70</relative_humidity>
	<wind_string>from the South at 13.8 gusting to 20.7 MPH (12 gusting to 18 KT)</wind_string>
	<wind_dir>South</wind_dir>
	<wind_degrees>170</wind_degrees>
	<wind_mph>13.8</wind_mph>
	<wind_gust_mph>20.7</wind_gust_mph>
	<wind_kt>12</wind_kt>
	<wind_gust_kt>18</wind_gust_kt>
	<pressure_string>1020.6 mb</pressure_string>
	<pressure_mb>1020.6</pressure_mb>
	<dewpoint_string>56.3 F (13.5 C)</dewpoint_string>
	<dewpoint_f>56.3</dewpoint_f>
	<dewpoint_c>13.5</dewpoint_c>
	<two_day_history_url>http://www.weather.gov/data/obhistory/CWVU.html</two_day_history_url>
	<ob_url>http://www.nws.noaa.gov/data/METAR/CWVU.1.txt</ob_url>
	<disclaimer_url>http://weather.gov/disclaimer</disclaimer_url>
	<copyright_url>http://weather.gov/disclaimer</copyright_url>
	<privacy_policy_url>http://weather.gov/privacy</privacy_policy_url>
</current_observation>
