<?xml version="1.0" encoding="ISO-8859-1"?> 
<?xml-stylesheet href="latest_ob.xsl" type="text/xsl"?>
<current_observation version="1.0"
	 xmlns:xsd="http://www.w3.org/2001/XMLSchema"
	 xmlns:xsi="http://www.w3.org/2001/XMLSchema-instance"
	 xsi:noNamespaceSchemaLocation="http://www.weather.gov/view/current_observation.xsd">
	<credit>NOAA's National Weather Service</credit>
	<credit_URL>http://weather.gov/</credit_URL>
	<image>
		<url>http://weather.gov/images/xml_logo.gif</url>
		<title>NOAA's National Weather Service</title>
		<link>http://weather.gov</link>
	</image>
	<suggested_pickup>15 minutes after the hour</suggested_pickup>
	<suggested_pickup_period>60</suggested_pickup_period>
	<location>Unknown Station</location>
	<station_id>CXBO</station_id>
	<observation_time>Last Updated on Oct 2 2012, 1:00 am ST </observation_time>
        <observation_time_rfc822>Tue, 02 Oct 2012 01:00:00 +0000</observation_time_rfc822>
	<temperature_string>57.0 F (14.0 C)</temperature_string>
	<temp_f>57.0</temp_f>
	<temp_c>14.0</temp_c>
	<relative_humidity>89</relative_humidity>
	<wind_string>Southwest at 10.4 MPH (9 KT)</wind_string>
	<wind_dir>Southwest</wind_dir>
	<wind_degrees>230</wind_degrees>
	<wind_mph>10.4</wind_mph>
	<wind_kt>9</wind_kt>
	<dewpoint_string>54.0 F (12.2 C)</dewpoint_string>
	<dewpoint_f>54.0</dewpoint_f>
	<dewpoint_c>12.2</dewpoint_c>
	<windchill_string>55 F (13 C)</windchill_string>
      	<windchill_f>55</windchill_f>
      	<windchill_c>13</windchill_c>
	<two_day_history_url>http://www.weather.gov/data/obhistory/CXBO.html</two_day_history_url>
	<ob_url>http://www.nws.noaa.gov/data/METAR/CXBO.1.txt</ob_url>
	<disclaimer_url>http://weather.gov/disclaimer</disclaimer_url>
	<copyright_url>http://weather.gov/disclaimer</copyright_url>
	<privacy_policy_url>http://weather.gov/privacy</privacy_policy_url>
</current_observation>
