<?xml version="1.0" encoding="ISO-8859-1"?> 
<?xml-stylesheet href="latest_ob.xsl" type="text/xsl"?>
<current_observation version="1.0"
	 xmlns:xsd="http://www.w3.org/2001/XMLSchema"
	 xmlns:xsi="http://www.w3.org/2001/XMLSchema-instance"
	 xsi:noNamespaceSchemaLocation="http://www.weather.gov/view/current_observation.xsd">
	<credit>NOAA's National Weather Service</credit>
	<credit_URL>http://weather.gov/</credit_URL>
	<image>
		<url>http://weather.gov/images/xml_logo.gif</url>
		<title>NOAA's National Weather Service</title>
		<link>http://weather.gov</link>
	</image>
	<suggested_pickup>15 minutes after the hour</suggested_pickup>
	<suggested_pickup_period>60</suggested_pickup_period>
	<location>Unknown Station</location>
	<station_id>CXLB</station_id>
	<observation_time>Last Updated on Oct 5 2012, 3:00 pm ST </observation_time>
        <observation_time_rfc822>Fri, 05 Oct 2012 15:00:00 +0000</observation_time_rfc822>
	<temperature_string>59.0 F (14.9 C)</temperature_string>
	<temp_f>59.0</temp_f>
	<temp_c>14.9</temp_c>
	<relative_humidity>86</relative_humidity>
	<wind_string>Northeast at 3.5 MPH (3 KT)</wind_string>
	<wind_dir>Northeast</wind_dir>
	<wind_degrees>60</wind_degrees>
	<wind_mph>3.5</wind_mph>
	<wind_kt>3</wind_kt>
	<pressure_string>1014.6 mb</pressure_string>
	<pressure_mb>1014.6</pressure_mb>
	<dewpoint_string>54.5 F (12.5 C)</dewpoint_string>
	<dewpoint_f>54.5</dewpoint_f>
	<dewpoint_c>12.5</dewpoint_c>
	<two_day_history_url>http://www.weather.gov/data/obhistory/CXLB.html</two_day_history_url>
	<ob_url>http://www.nws.noaa.gov/data/METAR/CXLB.1.txt</ob_url>
	<disclaimer_url>http://weather.gov/disclaimer</disclaimer_url>
	<copyright_url>http://weather.gov/disclaimer</copyright_url>
	<privacy_policy_url>http://weather.gov/privacy</privacy_policy_url>
</current_observation>
