<?xml version="1.0" encoding="ISO-8859-1"?> 
<?xml-stylesheet href="latest_ob.xsl" type="text/xsl"?>
<current_observation version="1.0"
	 xmlns:xsd="http://www.w3.org/2001/XMLSchema"
	 xmlns:xsi="http://www.w3.org/2001/XMLSchema-instance"
	 xsi:noNamespaceSchemaLocation="http://www.weather.gov/view/current_observation.xsd">
	<credit>NOAA's National Weather Service</credit>
	<credit_URL>http://weather.gov/</credit_URL>
	<image>
		<url>http://weather.gov/images/xml_logo.gif</url>
		<title>NOAA's National Weather Service</title>
		<link>http://weather.gov</link>
	</image>
	<suggested_pickup>15 minutes after the hour</suggested_pickup>
	<suggested_pickup_period>60</suggested_pickup_period>
	<location>Unknown Station</location>
	<station_id>CXMO</station_id>
	<observation_time>Last Updated on Oct 9 2012, 5:00 pm ST </observation_time>
        <observation_time_rfc822>Tue, 09 Oct 2012 17:00:00 +0000</observation_time_rfc822>
	<temperature_string>41.0 F (5.0 C)</temperature_string>
	<temp_f>41.0</temp_f>
	<temp_c>5.0</temp_c>
	<relative_humidity>81</relative_humidity>
	<wind_string>Southwest at 6.9 MPH (6 KT)</wind_string>
	<wind_dir>Southwest</wind_dir>
	<wind_degrees>220</wind_degrees>
	<wind_mph>6.9</wind_mph>
	<wind_kt>6</wind_kt>
	<dewpoint_string>35.6 F (2.0 C)</dewpoint_string>
	<dewpoint_f>35.6</dewpoint_f>
	<dewpoint_c>2.0</dewpoint_c>
	<windchill_string>36 F (2 C)</windchill_string>
      	<windchill_f>36</windchill_f>
      	<windchill_c>2</windchill_c>
	<two_day_history_url>http://www.weather.gov/data/obhistory/CXMO.html</two_day_history_url>
	<ob_url>http://www.nws.noaa.gov/data/METAR/CXMO.1.txt</ob_url>
	<disclaimer_url>http://weather.gov/disclaimer</disclaimer_url>
	<copyright_url>http://weather.gov/disclaimer</copyright_url>
	<privacy_policy_url>http://weather.gov/privacy</privacy_policy_url>
</current_observation>
