<?xml version="1.0" encoding="ISO-8859-1"?> 
<?xml-stylesheet href="latest_ob.xsl" type="text/xsl"?>
<current_observation version="1.0"
	 xmlns:xsd="http://www.w3.org/2001/XMLSchema"
	 xmlns:xsi="http://www.w3.org/2001/XMLSchema-instance"
	 xsi:noNamespaceSchemaLocation="http://www.weather.gov/view/current_observation.xsd">
	<credit>NOAA's National Weather Service</credit>
	<credit_URL>http://weather.gov/</credit_URL>
	<image>
		<url>http://weather.gov/images/xml_logo.gif</url>
		<title>NOAA's National Weather Service</title>
		<link>http://weather.gov</link>
	</image>
	<suggested_pickup>15 minutes after the hour</suggested_pickup>
	<suggested_pickup_period>60</suggested_pickup_period>
	<location>Unknown Station</location>
	<station_id>CXSE</station_id>
	<observation_time>Last Updated on Oct 9 2012, 6:00 pm ST </observation_time>
        <observation_time_rfc822>Tue, 09 Oct 2012 18:00:00 +0000</observation_time_rfc822>
	<temperature_string>13.0 F (-10.6 C)</temperature_string>
	<temp_f>13.0</temp_f>
	<temp_c>-10.6</temp_c>
	<relative_humidity>86</relative_humidity>
	<wind_string>North at 16.1 MPH (14 KT)</wind_string>
	<wind_dir>North</wind_dir>
	<wind_degrees>10</wind_degrees>
	<wind_mph>16.1</wind_mph>
	<wind_kt>14</wind_kt>
	<pressure_string>1016.1 mb</pressure_string>
	<pressure_mb>1016.1</pressure_mb>
	<dewpoint_string>9.5 F (-12.5 C)</dewpoint_string>
	<dewpoint_f>9.5</dewpoint_f>
	<dewpoint_c>-12.5</dewpoint_c>
	<windchill_string>-3 F (-19 C)</windchill_string>
      	<windchill_f>-3</windchill_f>
      	<windchill_c>-19</windchill_c>
	<two_day_history_url>http://www.weather.gov/data/obhistory/CXSE.html</two_day_history_url>
	<ob_url>http://www.nws.noaa.gov/data/METAR/CXSE.1.txt</ob_url>
	<disclaimer_url>http://weather.gov/disclaimer</disclaimer_url>
	<copyright_url>http://weather.gov/disclaimer</copyright_url>
	<privacy_policy_url>http://weather.gov/privacy</privacy_policy_url>
</current_observation>
