<?xml version="1.0" encoding="ISO-8859-1"?> 
<?xml-stylesheet href="latest_ob.xsl" type="text/xsl"?>
<current_observation version="1.0"
	 xmlns:xsd="http://www.w3.org/2001/XMLSchema"
	 xmlns:xsi="http://www.w3.org/2001/XMLSchema-instance"
	 xsi:noNamespaceSchemaLocation="http://www.weather.gov/view/current_observation.xsd">
	<credit>NOAA's National Weather Service</credit>
	<credit_URL>http://weather.gov/</credit_URL>
	<image>
		<url>http://weather.gov/images/xml_logo.gif</url>
		<title>NOAA's National Weather Service</title>
		<link>http://weather.gov</link>
	</image>
	<suggested_pickup>15 minutes after the hour</suggested_pickup>
	<suggested_pickup_period>60</suggested_pickup_period>
	<location>Unknown Station</location>
	<station_id>CYGL</station_id>
	<observation_time>Last Updated on Oct 9 2012, 6:00 pm ST </observation_time>
        <observation_time_rfc822>Tue, 09 Oct 2012 18:00:00 +0000</observation_time_rfc822>
	<weather>Light Rain Fog/Mist</weather>
	<temperature_string>41.0 F (5.0 C)</temperature_string>
	<temp_f>41.0</temp_f>
	<temp_c>5.0</temp_c>
	<relative_humidity>93</relative_humidity>
	<wind_string>from the Southeast at 13.8 gusting to 20.7 MPH (12 gusting to 18 KT)</wind_string>
	<wind_dir>Southeast</wind_dir>
	<wind_degrees>130</wind_degrees>
	<wind_mph>13.8</wind_mph>
	<wind_gust_mph>20.7</wind_gust_mph>
	<wind_kt>12</wind_kt>
	<wind_gust_kt>18</wind_gust_kt>
	<pressure_string>1007.8 mb</pressure_string>
	<pressure_mb>1007.8</pressure_mb>
	<pressure_in>29.73</pressure_in>
	<dewpoint_string>39.2 F (4.0 C)</dewpoint_string>
	<dewpoint_f>39.2</dewpoint_f>
	<dewpoint_c>4.0</dewpoint_c>
	<windchill_string>33 F (1 C)</windchill_string>
      	<windchill_f>33</windchill_f>
      	<windchill_c>1</windchill_c>
	<visibility_mi>3.00</visibility_mi>
 	<icon_url_base>http://w1.weather.gov/images/fcicons/</icon_url_base>
	<two_day_history_url>http://www.weather.gov/data/obhistory/CYGL.html</two_day_history_url>
	<icon_url_name>ra1.jpg</icon_url_name>
	<ob_url>http://www.nws.noaa.gov/data/METAR/CYGL.1.txt</ob_url>
	<disclaimer_url>http://weather.gov/disclaimer</disclaimer_url>
	<copyright_url>http://weather.gov/disclaimer</copyright_url>
	<privacy_policy_url>http://weather.gov/privacy</privacy_policy_url>
</current_observation>
