<?xml version="1.0" encoding="ISO-8859-1"?> 
<?xml-stylesheet href="latest_ob.xsl" type="text/xsl"?>
<current_observation version="1.0"
	 xmlns:xsd="http://www.w3.org/2001/XMLSchema"
	 xmlns:xsi="http://www.w3.org/2001/XMLSchema-instance"
	 xsi:noNamespaceSchemaLocation="http://www.weather.gov/view/current_observation.xsd">
	<credit>NOAA's National Weather Service</credit>
	<credit_URL>http://weather.gov/</credit_URL>
	<image>
		<url>http://weather.gov/images/xml_logo.gif</url>
		<title>NOAA's National Weather Service</title>
		<link>http://weather.gov</link>
	</image>
	<suggested_pickup>15 minutes after the hour</suggested_pickup>
	<suggested_pickup_period>60</suggested_pickup_period>
	<location>Unknown Station</location>
	<station_id>CYJT</station_id>
	<observation_time>Last Updated on Oct 9 2012, 6:00 pm ST </observation_time>
        <observation_time_rfc822>Tue, 09 Oct 2012 18:00:00 +0000</observation_time_rfc822>
	<weather>Mostly Cloudy</weather>
	<temperature_string>52.0 F (11.0 C)</temperature_string>
	<temp_f>52.0</temp_f>
	<temp_c>11.0</temp_c>
	<relative_humidity>44</relative_humidity>
	<wind_string>Northwest at 8.1 MPH (7 KT)</wind_string>
	<wind_dir>Northwest</wind_dir>
	<wind_degrees>300</wind_degrees>
	<wind_mph>8.1</wind_mph>
	<wind_kt>7</wind_kt>
	<pressure_string>1028.7 mb</pressure_string>
	<pressure_mb>1028.7</pressure_mb>
	<pressure_in>30.37</pressure_in>
	<dewpoint_string>30.2 F (-1.0 C)</dewpoint_string>
	<dewpoint_f>30.2</dewpoint_f>
	<dewpoint_c>-1.0</dewpoint_c>
	<windchill_string>49 F (9 C)</windchill_string>
      	<windchill_f>49</windchill_f>
      	<windchill_c>9</windchill_c>
	<visibility_mi>15.00</visibility_mi>
 	<icon_url_base>http://w1.weather.gov/images/fcicons/</icon_url_base>
	<two_day_history_url>http://www.weather.gov/data/obhistory/CYJT.html</two_day_history_url>
	<icon_url_name>bkn.jpg</icon_url_name>
	<ob_url>http://www.nws.noaa.gov/data/METAR/CYJT.1.txt</ob_url>
	<disclaimer_url>http://weather.gov/disclaimer</disclaimer_url>
	<copyright_url>http://weather.gov/disclaimer</copyright_url>
	<privacy_policy_url>http://weather.gov/privacy</privacy_policy_url>
</current_observation>
