<?xml version="1.0" encoding="ISO-8859-1"?> 
<?xml-stylesheet href="latest_ob.xsl" type="text/xsl"?>
<current_observation version="1.0"
	 xmlns:xsd="http://www.w3.org/2001/XMLSchema"
	 xmlns:xsi="http://www.w3.org/2001/XMLSchema-instance"
	 xsi:noNamespaceSchemaLocation="http://www.weather.gov/view/current_observation.xsd">
	<credit>NOAA's National Weather Service</credit>
	<credit_URL>http://weather.gov/</credit_URL>
	<image>
		<url>http://weather.gov/images/xml_logo.gif</url>
		<title>NOAA's National Weather Service</title>
		<link>http://weather.gov</link>
	</image>
	<suggested_pickup>15 minutes after the hour</suggested_pickup>
	<suggested_pickup_period>60</suggested_pickup_period>
	<location>Unknown Station</location>
	<station_id>K0CO</station_id>
	<observation_time>Last Updated on Nov 25 2011, 9:18 pm CST</observation_time>
        <observation_time_rfc822>Fri, 25 Nov 2011 21:18:00 -0600</observation_time_rfc822>
	<weather>Heavy Snow</weather>
	<temperature_string>10.0 F (-12.0 C)</temperature_string>
	<temp_f>10.0</temp_f>
	<temp_c>-12.0</temp_c>
	<relative_humidity>92</relative_humidity>
	<wind_string>Calm</wind_string>
	<wind_dir>North</wind_dir>
	<wind_degrees>0</wind_degrees>
	<wind_mph>0.0</wind_mph>
	<wind_gust_mph>0.0</wind_gust_mph>
	<wind_kt>0</wind_kt>
	<wind_gust_kt>0</wind_gust_kt>
	<pressure_string>0.0 mb</pressure_string>
	<pressure_mb>0.0</pressure_mb>
	<pressure_in>29.87</pressure_in>
	<dewpoint_string>8.6 F (-13.0 C)</dewpoint_string>
	<dewpoint_f>8.6</dewpoint_f>
	<dewpoint_c>-13.0</dewpoint_c>
	<visibility_mi>0.15</visibility_mi>
 	<icon_url_base>http://weather.gov/images/fcicons/</icon_url_base>
	<two_day_history_url>http://www.weather.gov/data/obhistory/K0CO.html</two_day_history_url>
	<icon_url_name>nsn.jpg</icon_url_name>
	<ob_url>http://www.nws.noaa.gov/data/METAR/K0CO.1.txt</ob_url>
	<disclaimer_url>http://weather.gov/disclaimer.html</disclaimer_url>
	<copyright_url>http://weather.gov/disclaimer.html</copyright_url>
	<privacy_policy_url>http://weather.gov/notice.html</privacy_policy_url>
</current_observation>
