<?xml version="1.0" encoding="ISO-8859-1"?> 
<?xml-stylesheet href="latest_ob.xsl" type="text/xsl"?>
<current_observation version="1.0"
	 xmlns:xsd="http://www.w3.org/2001/XMLSchema"
	 xmlns:xsi="http://www.w3.org/2001/XMLSchema-instance"
	 xsi:noNamespaceSchemaLocation="http://www.weather.gov/view/current_observation.xsd">
	<credit>NOAA's National Weather Service</credit>
	<credit_URL>http://weather.gov/</credit_URL>
	<image>
		<url>http://weather.gov/images/xml_logo.gif</url>
		<title>NOAA's National Weather Service</title>
		<link>http://weather.gov</link>
	</image>
	<suggested_pickup>15 minutes after the hour</suggested_pickup>
	<suggested_pickup_period>60</suggested_pickup_period>
	<location>Kremmling/McElroy Field, CO</location>
	<station_id>K20V</station_id>
	<latitude>40.05</latitude>
	<longitude>-106.36</longitude>
	<observation_time>Last Updated on Oct 9 2012, 12:55 pm MDT</observation_time>
        <observation_time_rfc822>Tue, 09 Oct 2012 12:55:00 -0600</observation_time_rfc822>
	<weather>Fair</weather>
	<temperature_string>64.0 F (18.0 C)</temperature_string>
	<temp_f>64.0</temp_f>
	<temp_c>18.0</temp_c>
	<relative_humidity>9</relative_humidity>
	<wind_string>from the Northwest at 17.3 gusting to 21.9 MPH (15 gusting to 19 KT)</wind_string>
	<wind_dir>Northwest</wind_dir>
	<wind_degrees>310</wind_degrees>
	<wind_mph>17.3</wind_mph>
	<wind_gust_mph>21.9</wind_gust_mph>
	<wind_kt>15</wind_kt>
	<wind_gust_kt>19</wind_gust_kt>
	<pressure_in>30.09</pressure_in>
	<dewpoint_string>5.0 F (-15.0 C)</dewpoint_string>
	<dewpoint_f>5.0</dewpoint_f>
	<dewpoint_c>-15.0</dewpoint_c>
	<visibility_mi>10.00</visibility_mi>
 	<icon_url_base>http://w1.weather.gov/images/fcicons/</icon_url_base>
	<two_day_history_url>http://www.weather.gov/data/obhistory/K20V.html</two_day_history_url>
	<icon_url_name>skc.jpg</icon_url_name>
	<ob_url>http://www.nws.noaa.gov/data/METAR/K20V.1.txt</ob_url>
	<disclaimer_url>http://weather.gov/disclaimer</disclaimer_url>
	<copyright_url>http://weather.gov/disclaimer</copyright_url>
	<privacy_policy_url>http://weather.gov/privacy</privacy_policy_url>
</current_observation>
