<?xml version="1.0" encoding="ISO-8859-1"?> 
<?xml-stylesheet href="latest_ob.xsl" type="text/xsl"?>
<current_observation version="1.0"
	 xmlns:xsd="http://www.w3.org/2001/XMLSchema"
	 xmlns:xsi="http://www.w3.org/2001/XMLSchema-instance"
	 xsi:noNamespaceSchemaLocation="http://www.weather.gov/view/current_observation.xsd">
	<credit>NOAA's National Weather Service</credit>
	<credit_URL>http://weather.gov/</credit_URL>
	<image>
		<url>http://weather.gov/images/xml_logo.gif</url>
		<title>NOAA's National Weather Service</title>
		<link>http://weather.gov</link>
	</image>
	<suggested_pickup>15 minutes after the hour</suggested_pickup>
	<suggested_pickup_period>60</suggested_pickup_period>
	<location>Buffalo, SD</location>
	<station_id>K2WX</station_id>
	<latitude>45.57</latitude>
	<longitude>-103.53</longitude>
	<observation_time>Last Updated on Oct 9 2012, 11:56 am MDT</observation_time>
        <observation_time_rfc822>Tue, 09 Oct 2012 11:56:00 -0600</observation_time_rfc822>
	<weather>Windy</weather>
	<temperature_string>44.0 F (6.7 C)</temperature_string>
	<temp_f>44.0</temp_f>
	<temp_c>6.7</temp_c>
	<relative_humidity>41</relative_humidity>
	<wind_string>from the Northwest at 28.8 gusting to 39.1 MPH (25 gusting to 34 KT)</wind_string>
	<wind_dir>Northwest</wind_dir>
	<wind_degrees>320</wind_degrees>
	<wind_mph>28.8</wind_mph>
	<wind_gust_mph>39.1</wind_gust_mph>
	<wind_kt>25</wind_kt>
	<wind_gust_kt>34</wind_gust_kt>
	<pressure_string>1017.5 mb</pressure_string>
	<pressure_mb>1017.5</pressure_mb>
	<pressure_in>30.00</pressure_in>
	<dewpoint_string>21.9 F (-5.6 C)</dewpoint_string>
	<dewpoint_f>21.9</dewpoint_f>
	<dewpoint_c>-5.6</dewpoint_c>
	<windchill_string>34 F (1 C)</windchill_string>
      	<windchill_f>34</windchill_f>
      	<windchill_c>1</windchill_c>
 	<icon_url_base>http://w1.weather.gov/images/fcicons/</icon_url_base>
	<two_day_history_url>http://www.weather.gov/data/obhistory/K2WX.html</two_day_history_url>
	<icon_url_name>wind.jpg</icon_url_name>
	<ob_url>http://www.nws.noaa.gov/data/METAR/K2WX.1.txt</ob_url>
	<disclaimer_url>http://weather.gov/disclaimer</disclaimer_url>
	<copyright_url>http://weather.gov/disclaimer</copyright_url>
	<privacy_policy_url>http://weather.gov/privacy</privacy_policy_url>
</current_observation>
