<?xml version="1.0" encoding="ISO-8859-1"?> 
<?xml-stylesheet href="latest_ob.xsl" type="text/xsl"?>
<current_observation version="1.0"
	 xmlns:xsd="http://www.w3.org/2001/XMLSchema"
	 xmlns:xsi="http://www.w3.org/2001/XMLSchema-instance"
	 xsi:noNamespaceSchemaLocation="http://www.weather.gov/view/current_observation.xsd">
	<credit>NOAA's National Weather Service</credit>
	<credit_URL>http://weather.gov/</credit_URL>
	<image>
		<url>http://weather.gov/images/xml_logo.gif</url>
		<title>NOAA's National Weather Service</title>
		<link>http://weather.gov</link>
	</image>
	<suggested_pickup>15 minutes after the hour</suggested_pickup>
	<suggested_pickup_period>60</suggested_pickup_period>
	<location>Walden/Jackson County Airport, CO</location>
	<station_id>K33V</station_id>
	<latitude>40.75</latitude>
	<longitude>-106.271</longitude>
	<observation_time>Last Updated on Oct 9 2012, 12:51 pm MDT</observation_time>
        <observation_time_rfc822>Tue, 09 Oct 2012 12:51:00 -0600</observation_time_rfc822>
	<weather>Fair and Windy</weather>
	<temperature_string>59.0 F (15.0 C)</temperature_string>
	<temp_f>59.0</temp_f>
	<temp_c>15.0</temp_c>
	<relative_humidity>10</relative_humidity>
	<wind_string>from the West at 27.6 gusting to 36.8 MPH (24 gusting to 32 KT)</wind_string>
	<wind_dir>West</wind_dir>
	<wind_degrees>260</wind_degrees>
	<wind_mph>27.6</wind_mph>
	<wind_gust_mph>36.8</wind_gust_mph>
	<wind_kt>24</wind_kt>
	<wind_gust_kt>32</wind_gust_kt>
	<pressure_in>30.10</pressure_in>
	<dewpoint_string>3.2 F (-16.0 C)</dewpoint_string>
	<dewpoint_f>3.2</dewpoint_f>
	<dewpoint_c>-16.0</dewpoint_c>
	<windchill_string>55 F (13 C)</windchill_string>
      	<windchill_f>55</windchill_f>
      	<windchill_c>13</windchill_c>
	<visibility_mi>10.00</visibility_mi>
 	<icon_url_base>http://w1.weather.gov/images/fcicons/</icon_url_base>
	<two_day_history_url>http://www.weather.gov/data/obhistory/K33V.html</two_day_history_url>
	<icon_url_name>wind.jpg</icon_url_name>
	<ob_url>http://www.nws.noaa.gov/data/METAR/K33V.1.txt</ob_url>
	<disclaimer_url>http://weather.gov/disclaimer</disclaimer_url>
	<copyright_url>http://weather.gov/disclaimer</copyright_url>
	<privacy_policy_url>http://weather.gov/privacy</privacy_policy_url>
</current_observation>
