<?xml version="1.0" encoding="ISO-8859-1"?> 
<?xml-stylesheet href="latest_ob.xsl" type="text/xsl"?>
<current_observation version="1.0"
	 xmlns:xsd="http://www.w3.org/2001/XMLSchema"
	 xmlns:xsi="http://www.w3.org/2001/XMLSchema-instance"
	 xsi:noNamespaceSchemaLocation="http://www.weather.gov/view/current_observation.xsd">
	<credit>NOAA's National Weather Service</credit>
	<credit_URL>http://weather.gov/</credit_URL>
	<image>
		<url>http://weather.gov/images/xml_logo.gif</url>
		<title>NOAA's National Weather Service</title>
		<link>http://weather.gov</link>
	</image>
	<suggested_pickup>15 minutes after the hour</suggested_pickup>
	<suggested_pickup_period>60</suggested_pickup_period>
	<location>Unknown Station</location>
	<station_id>K4A6</station_id>
	<observation_time>Last Updated on Oct 9 2012, 2:55 pm EDT</observation_time>
        <observation_time_rfc822>Tue, 09 Oct 2012 14:55:00 -0400</observation_time_rfc822>
	<weather>Mostly Cloudy</weather>
	<temperature_string>63.0 F (17.0 C)</temperature_string>
	<temp_f>63.0</temp_f>
	<temp_c>17.0</temp_c>
	<relative_humidity>56</relative_humidity>
	<wind_string>West at 4.6 MPH (4 KT)</wind_string>
	<wind_dir>West</wind_dir>
	<wind_degrees>290</wind_degrees>
	<wind_mph>4.6</wind_mph>
	<wind_kt>4</wind_kt>
	<pressure_in>30.10</pressure_in>
	<dewpoint_string>46.4 F (8.0 C)</dewpoint_string>
	<dewpoint_f>46.4</dewpoint_f>
	<dewpoint_c>8.0</dewpoint_c>
	<windchill_string>64 F (18 C)</windchill_string>
      	<windchill_f>64</windchill_f>
      	<windchill_c>18</windchill_c>
	<visibility_mi>10.00</visibility_mi>
 	<icon_url_base>http://w1.weather.gov/images/fcicons/</icon_url_base>
	<two_day_history_url>http://www.weather.gov/data/obhistory/K4A6.html</two_day_history_url>
	<icon_url_name>bkn.jpg</icon_url_name>
	<ob_url>http://www.nws.noaa.gov/data/METAR/K4A6.1.txt</ob_url>
	<disclaimer_url>http://weather.gov/disclaimer</disclaimer_url>
	<copyright_url>http://weather.gov/disclaimer</copyright_url>
	<privacy_policy_url>http://weather.gov/privacy</privacy_policy_url>
</current_observation>
