<?xml version="1.0" encoding="ISO-8859-1"?> 
<?xml-stylesheet href="latest_ob.xsl" type="text/xsl"?>
<current_observation version="1.0"
	 xmlns:xsd="http://www.w3.org/2001/XMLSchema"
	 xmlns:xsi="http://www.w3.org/2001/XMLSchema-instance"
	 xsi:noNamespaceSchemaLocation="http://www.weather.gov/view/current_observation.xsd">
	<credit>NOAA's National Weather Service</credit>
	<credit_URL>http://weather.gov/</credit_URL>
	<image>
		<url>http://weather.gov/images/xml_logo.gif</url>
		<title>NOAA's National Weather Service</title>
		<link>http://weather.gov</link>
	</image>
	<suggested_pickup>15 minutes after the hour</suggested_pickup>
	<suggested_pickup_period>60</suggested_pickup_period>
	<location>Unknown Station</location>
	<station_id>K4M9</station_id>
	<observation_time>Last Updated on Sep 1 2012, 2:55 pm MDT</observation_time>
        <observation_time_rfc822>Sat, 01 Sep 2012 14:55:00 -0600</observation_time_rfc822>
	<weather>Sky Obscured</weather>
	<temperature_string>82.0 F (28.0 C)</temperature_string>
	<temp_f>82.0</temp_f>
	<temp_c>28.0</temp_c>
	<relative_humidity>79</relative_humidity>
	<wind_string>from the South at 16.1 gusting to 33.4 MPH (14 gusting to 29 KT)</wind_string>
	<wind_dir>South</wind_dir>
	<wind_degrees>190</wind_degrees>
	<wind_mph>16.1</wind_mph>
	<wind_gust_mph>33.4</wind_gust_mph>
	<wind_kt>14</wind_kt>
	<wind_gust_kt>29</wind_gust_kt>
	<pressure_in>29.83</pressure_in>
	<dewpoint_string>75.2 F (24.0 C)</dewpoint_string>
	<dewpoint_f>75.2</dewpoint_f>
	<dewpoint_c>24.0</dewpoint_c>
	<heat_index_string>89 F (32 C)</heat_index_string>
      	<heat_index_f>89</heat_index_f>
      	<heat_index_c>32</heat_index_c>
	<visibility_mi>0.75</visibility_mi>
	<two_day_history_url>http://www.weather.gov/data/obhistory/K4M9.html</two_day_history_url>
	<ob_url>http://www.nws.noaa.gov/data/METAR/K4M9.1.txt</ob_url>
	<disclaimer_url>http://weather.gov/disclaimer.html</disclaimer_url>
	<copyright_url>http://weather.gov/disclaimer.html</copyright_url>
	<privacy_policy_url>http://weather.gov/notice.html</privacy_policy_url>
</current_observation>
