<?xml version="1.0" encoding="ISO-8859-1"?> 
<?xml-stylesheet href="latest_ob.xsl" type="text/xsl"?>
<current_observation version="1.0"
	 xmlns:xsd="http://www.w3.org/2001/XMLSchema"
	 xmlns:xsi="http://www.w3.org/2001/XMLSchema-instance"
	 xsi:noNamespaceSchemaLocation="http://www.weather.gov/view/current_observation.xsd">
	<credit>NOAA's National Weather Service</credit>
	<credit_URL>http://weather.gov/</credit_URL>
	<image>
		<url>http://weather.gov/images/xml_logo.gif</url>
		<title>NOAA's National Weather Service</title>
		<link>http://weather.gov</link>
	</image>
	<suggested_pickup>15 minutes after the hour</suggested_pickup>
	<suggested_pickup_period>60</suggested_pickup_period>
	<location>Unknown Station</location>
	<station_id>K5C1</station_id>
	<observation_time>Last Updated on Oct 9 2012, 12:55 pm MDT</observation_time>
        <observation_time_rfc822>Tue, 09 Oct 2012 12:55:00 -0600</observation_time_rfc822>
	<weather>Overcast</weather>
	<temperature_string>73.0 F (23.0 C)</temperature_string>
	<temp_f>73.0</temp_f>
	<temp_c>23.0</temp_c>
	<relative_humidity>65</relative_humidity>
	<wind_string>from the Southwest at 13.8 gusting to 19.6 MPH (12 gusting to 17 KT)</wind_string>
	<wind_dir>Southwest</wind_dir>
	<wind_degrees>210</wind_degrees>
	<wind_mph>13.8</wind_mph>
	<wind_gust_mph>19.6</wind_gust_mph>
	<wind_kt>12</wind_kt>
	<wind_gust_kt>17</wind_gust_kt>
	<pressure_in>30.03</pressure_in>
	<dewpoint_string>60.8 F (16.0 C)</dewpoint_string>
	<dewpoint_f>60.8</dewpoint_f>
	<dewpoint_c>16.0</dewpoint_c>
	<visibility_mi>10.00</visibility_mi>
 	<icon_url_base>http://w1.weather.gov/images/fcicons/</icon_url_base>
	<two_day_history_url>http://www.weather.gov/data/obhistory/K5C1.html</two_day_history_url>
	<icon_url_name>ovc.jpg</icon_url_name>
	<ob_url>http://www.nws.noaa.gov/data/METAR/K5C1.1.txt</ob_url>
	<disclaimer_url>http://weather.gov/disclaimer</disclaimer_url>
	<copyright_url>http://weather.gov/disclaimer</copyright_url>
	<privacy_policy_url>http://weather.gov/privacy</privacy_policy_url>
</current_observation>
