<?xml version="1.0" encoding="ISO-8859-1"?> 
<?xml-stylesheet href="latest_ob.xsl" type="text/xsl"?>
<current_observation version="1.0"
	 xmlns:xsd="http://www.w3.org/2001/XMLSchema"
	 xmlns:xsi="http://www.w3.org/2001/XMLSchema-instance"
	 xsi:noNamespaceSchemaLocation="http://www.weather.gov/view/current_observation.xsd">
	<credit>NOAA's National Weather Service</credit>
	<credit_URL>http://weather.gov/</credit_URL>
	<image>
		<url>http://weather.gov/images/xml_logo.gif</url>
		<title>NOAA's National Weather Service</title>
		<link>http://weather.gov</link>
	</image>
	<suggested_pickup>15 minutes after the hour</suggested_pickup>
	<suggested_pickup_period>60</suggested_pickup_period>
	<location>Sisseton Municipal Airport, SD</location>
	<station_id>K8D3</station_id>
	<latitude>45.67</latitude>
	<longitude>-97</longitude>
	<observation_time>Last Updated on Oct 9 2012, 12:56 pm CDT</observation_time>
        <observation_time_rfc822>Tue, 09 Oct 2012 12:56:00 -0500</observation_time_rfc822>
	<weather>Windy</weather>
	<temperature_string>42.0 F (5.6 C)</temperature_string>
	<temp_f>42.0</temp_f>
	<temp_c>5.6</temp_c>
	<relative_humidity>60</relative_humidity>
	<wind_string>from the North at 27.6 gusting to 34.5 MPH (24 gusting to 30 KT)</wind_string>
	<wind_dir>North</wind_dir>
	<wind_degrees>350</wind_degrees>
	<wind_mph>27.6</wind_mph>
	<wind_gust_mph>34.5</wind_gust_mph>
	<wind_kt>24</wind_kt>
	<wind_gust_kt>30</wind_gust_kt>
	<pressure_string>1013.1 mb</pressure_string>
	<pressure_mb>1013.1</pressure_mb>
	<pressure_in>29.89</pressure_in>
	<dewpoint_string>28.9 F (-1.7 C)</dewpoint_string>
	<dewpoint_f>28.9</dewpoint_f>
	<dewpoint_c>-1.7</dewpoint_c>
	<windchill_string>32 F (0 C)</windchill_string>
      	<windchill_f>32</windchill_f>
      	<windchill_c>0</windchill_c>
 	<icon_url_base>http://w1.weather.gov/images/fcicons/</icon_url_base>
	<two_day_history_url>http://www.weather.gov/data/obhistory/K8D3.html</two_day_history_url>
	<icon_url_name>wind.jpg</icon_url_name>
	<ob_url>http://www.nws.noaa.gov/data/METAR/K8D3.1.txt</ob_url>
	<disclaimer_url>http://weather.gov/disclaimer</disclaimer_url>
	<copyright_url>http://weather.gov/disclaimer</copyright_url>
	<privacy_policy_url>http://weather.gov/privacy</privacy_policy_url>
</current_observation>
