<?xml version="1.0" encoding="ISO-8859-1"?> 
<?xml-stylesheet href="latest_ob.xsl" type="text/xsl"?>
<current_observation version="1.0"
	 xmlns:xsd="http://www.w3.org/2001/XMLSchema"
	 xmlns:xsi="http://www.w3.org/2001/XMLSchema-instance"
	 xsi:noNamespaceSchemaLocation="http://www.weather.gov/view/current_observation.xsd">
	<credit>NOAA's National Weather Service</credit>
	<credit_URL>http://weather.gov/</credit_URL>
	<image>
		<url>http://weather.gov/images/xml_logo.gif</url>
		<title>NOAA's National Weather Service</title>
		<link>http://weather.gov</link>
	</image>
	<suggested_pickup>15 minutes after the hour</suggested_pickup>
	<suggested_pickup_period>60</suggested_pickup_period>
	<location>Apalachicola, FL</location>
	<station_id>KAAF</station_id>
	<latitude>29.728</latitude>
	<longitude>-85.027</longitude>
	<observation_time>Last Updated on Oct 9 2012, 2:53 pm EDT</observation_time>
        <observation_time_rfc822>Tue, 09 Oct 2012 14:53:00 -0400</observation_time_rfc822>
	<weather>A Few Clouds</weather>
	<temperature_string>77.0 F (25.0 C)</temperature_string>
	<temp_f>77.0</temp_f>
	<temp_c>25.0</temp_c>
	<relative_humidity>74</relative_humidity>
	<wind_string>Southeast at 12.7 MPH (11 KT)</wind_string>
	<wind_dir>Southeast</wind_dir>
	<wind_degrees>150</wind_degrees>
	<wind_mph>12.7</wind_mph>
	<wind_kt>11</wind_kt>
	<pressure_string>1017.0 mb</pressure_string>
	<pressure_mb>1017.0</pressure_mb>
	<pressure_in>30.04</pressure_in>
	<dewpoint_string>68.0 F (20.0 C)</dewpoint_string>
	<dewpoint_f>68.0</dewpoint_f>
	<dewpoint_c>20.0</dewpoint_c>
	<visibility_mi>10.00</visibility_mi>
 	<icon_url_base>http://w1.weather.gov/images/fcicons/</icon_url_base>
	<two_day_history_url>http://www.weather.gov/data/obhistory/KAAF.html</two_day_history_url>
	<icon_url_name>few.jpg</icon_url_name>
	<ob_url>http://www.nws.noaa.gov/data/METAR/KAAF.1.txt</ob_url>
	<disclaimer_url>http://weather.gov/disclaimer</disclaimer_url>
	<copyright_url>http://weather.gov/disclaimer</copyright_url>
	<privacy_policy_url>http://weather.gov/privacy</privacy_policy_url>
</current_observation>
