<?xml version="1.0" encoding="ISO-8859-1"?> 
<?xml-stylesheet href="latest_ob.xsl" type="text/xsl"?>
<current_observation version="1.0"
	 xmlns:xsd="http://www.w3.org/2001/XMLSchema"
	 xmlns:xsi="http://www.w3.org/2001/XMLSchema-instance"
	 xsi:noNamespaceSchemaLocation="http://www.weather.gov/view/current_observation.xsd">
	<credit>NOAA's National Weather Service</credit>
	<credit_URL>http://weather.gov/</credit_URL>
	<image>
		<url>http://weather.gov/images/xml_logo.gif</url>
		<title>NOAA's National Weather Service</title>
		<link>http://weather.gov</link>
	</image>
	<suggested_pickup>15 minutes after the hour</suggested_pickup>
	<suggested_pickup_period>60</suggested_pickup_period>
	<location>Ellicott/USAF Academy Bullseye Auxiliary Airstrip, CO</location>
	<station_id>KABH</station_id>
	<latitude>38.7578</latitude>
	<longitude>-104.308</longitude>
	<observation_time>Last Updated on Oct 7 2012, 5:56 am MDT</observation_time>
        <observation_time_rfc822>Sun, 07 Oct 2012 05:56:00 -0600</observation_time_rfc822>
	<temperature_string>29.0 F (-1.7 C)</temperature_string>
	<temp_f>29.0</temp_f>
	<temp_c>-1.7</temp_c>
	<relative_humidity>92</relative_humidity>
	<wind_string>Calm</wind_string>
	<wind_dir>North</wind_dir>
	<wind_degrees>0</wind_degrees>
	<wind_mph>0.0</wind_mph>
	<wind_kt>0</wind_kt>
	<pressure_string>1025.3 mb</pressure_string>
	<pressure_mb>1025.3</pressure_mb>
	<pressure_in>30.17</pressure_in>
	<dewpoint_string>27.0 F (-2.8 C)</dewpoint_string>
	<dewpoint_f>27.0</dewpoint_f>
	<dewpoint_c>-2.8</dewpoint_c>
	<two_day_history_url>http://www.weather.gov/data/obhistory/KABH.html</two_day_history_url>
	<ob_url>http://www.nws.noaa.gov/data/METAR/KABH.1.txt</ob_url>
	<disclaimer_url>http://weather.gov/disclaimer</disclaimer_url>
	<copyright_url>http://weather.gov/disclaimer</copyright_url>
	<privacy_policy_url>http://weather.gov/privacy</privacy_policy_url>
</current_observation>
