<?xml version="1.0" encoding="ISO-8859-1"?> 
<?xml-stylesheet href="latest_ob.xsl" type="text/xsl"?>
<current_observation version="1.0"
	 xmlns:xsd="http://www.w3.org/2001/XMLSchema"
	 xmlns:xsi="http://www.w3.org/2001/XMLSchema-instance"
	 xsi:noNamespaceSchemaLocation="http://www.weather.gov/view/current_observation.xsd">
	<credit>NOAA's National Weather Service</credit>
	<credit_URL>http://weather.gov/</credit_URL>
	<image>
		<url>http://weather.gov/images/xml_logo.gif</url>
		<title>NOAA's National Weather Service</title>
		<link>http://weather.gov</link>
	</image>
	<suggested_pickup>15 minutes after the hour</suggested_pickup>
	<suggested_pickup_period>60</suggested_pickup_period>
	<location>Aberdeen Regional Airport, SD</location>
	<station_id>KABR</station_id>
	<latitude>45.46</latitude>
	<longitude>-98.43</longitude>
	<observation_time>Last Updated on Oct 9 2012, 1:53 pm CDT</observation_time>
        <observation_time_rfc822>Tue, 09 Oct 2012 13:53:00 -0500</observation_time_rfc822>
	<weather>Overcast and Breezy</weather>
	<temperature_string>46.0 F (7.8 C)</temperature_string>
	<temp_f>46.0</temp_f>
	<temp_c>7.8</temp_c>
	<relative_humidity>44</relative_humidity>
	<wind_string>from the North at 25.3 gusting to 31.1 MPH (22 gusting to 27 KT)</wind_string>
	<wind_dir>North</wind_dir>
	<wind_degrees>340</wind_degrees>
	<wind_mph>25.3</wind_mph>
	<wind_gust_mph>31.1</wind_gust_mph>
	<wind_kt>22</wind_kt>
	<wind_gust_kt>27</wind_gust_kt>
	<pressure_string>1016.0 mb</pressure_string>
	<pressure_mb>1016.0</pressure_mb>
	<pressure_in>29.98</pressure_in>
	<dewpoint_string>25.0 F (-3.9 C)</dewpoint_string>
	<dewpoint_f>25.0</dewpoint_f>
	<dewpoint_c>-3.9</dewpoint_c>
	<windchill_string>37 F (3 C)</windchill_string>
      	<windchill_f>37</windchill_f>
      	<windchill_c>3</windchill_c>
	<visibility_mi>10.00</visibility_mi>
 	<icon_url_base>http://w1.weather.gov/images/fcicons/</icon_url_base>
	<two_day_history_url>http://www.weather.gov/data/obhistory/KABR.html</two_day_history_url>
	<icon_url_name>ovc.jpg</icon_url_name>
	<ob_url>http://www.nws.noaa.gov/data/METAR/KABR.1.txt</ob_url>
	<disclaimer_url>http://weather.gov/disclaimer</disclaimer_url>
	<copyright_url>http://weather.gov/disclaimer</copyright_url>
	<privacy_policy_url>http://weather.gov/privacy</privacy_policy_url>
</current_observation>
