<?xml version="1.0" encoding="ISO-8859-1"?> 
<?xml-stylesheet href="latest_ob.xsl" type="text/xsl"?>
<current_observation version="1.0"
	 xmlns:xsd="http://www.w3.org/2001/XMLSchema"
	 xmlns:xsi="http://www.w3.org/2001/XMLSchema-instance"
	 xsi:noNamespaceSchemaLocation="http://www.weather.gov/view/current_observation.xsd">
	<credit>NOAA's National Weather Service</credit>
	<credit_URL>http://weather.gov/</credit_URL>
	<image>
		<url>http://weather.gov/images/xml_logo.gif</url>
		<title>NOAA's National Weather Service</title>
		<link>http://weather.gov</link>
	</image>
	<suggested_pickup>15 minutes after the hour</suggested_pickup>
	<suggested_pickup_period>60</suggested_pickup_period>
	<location>Bellaire, Antrim County Airport, MI</location>
	<station_id>KACB</station_id>
	<latitude>44.99</latitude>
	<longitude>-85.2</longitude>
	<observation_time>Last Updated on Oct 9 2012, 2:53 pm EDT</observation_time>
        <observation_time_rfc822>Tue, 09 Oct 2012 14:53:00 -0400</observation_time_rfc822>
	<weather>Overcast</weather>
	<temperature_string>59.0 F (15.0 C)</temperature_string>
	<temp_f>59.0</temp_f>
	<temp_c>15.0</temp_c>
	<relative_humidity>58</relative_humidity>
	<wind_string>South at 8.1 MPH (7 KT)</wind_string>
	<wind_dir>South</wind_dir>
	<wind_degrees>160</wind_degrees>
	<wind_mph>8.1</wind_mph>
	<wind_kt>7</wind_kt>
	<pressure_in>29.73</pressure_in>
	<dewpoint_string>44.2 F (6.8 C)</dewpoint_string>
	<dewpoint_f>44.2</dewpoint_f>
	<dewpoint_c>6.8</dewpoint_c>
	<windchill_string>58 F (14 C)</windchill_string>
      	<windchill_f>58</windchill_f>
      	<windchill_c>14</windchill_c>
	<visibility_mi>10.00</visibility_mi>
 	<icon_url_base>http://w1.weather.gov/images/fcicons/</icon_url_base>
	<two_day_history_url>http://www.weather.gov/data/obhistory/KACB.html</two_day_history_url>
	<icon_url_name>ovc.jpg</icon_url_name>
	<ob_url>http://www.nws.noaa.gov/data/METAR/KACB.1.txt</ob_url>
	<disclaimer_url>http://weather.gov/disclaimer</disclaimer_url>
	<copyright_url>http://weather.gov/disclaimer</copyright_url>
	<privacy_policy_url>http://weather.gov/privacy</privacy_policy_url>
</current_observation>
