<?xml version="1.0" encoding="ISO-8859-1"?> 
<?xml-stylesheet href="latest_ob.xsl" type="text/xsl"?>
<current_observation version="1.0"
	 xmlns:xsd="http://www.w3.org/2001/XMLSchema"
	 xmlns:xsi="http://www.w3.org/2001/XMLSchema-instance"
	 xsi:noNamespaceSchemaLocation="http://www.weather.gov/view/current_observation.xsd">
	<credit>NOAA's National Weather Service</credit>
	<credit_URL>http://weather.gov/</credit_URL>
	<image>
		<url>http://weather.gov/images/xml_logo.gif</url>
		<title>NOAA's National Weather Service</title>
		<link>http://weather.gov</link>
	</image>
	<suggested_pickup>15 minutes after the hour</suggested_pickup>
	<suggested_pickup_period>60</suggested_pickup_period>
	<location>Nantucket Memorial Airport, MA</location>
	<station_id>KACK</station_id>
	<latitude>41.26</latitude>
	<longitude>-70.07</longitude>
	<observation_time>Last Updated on Oct 9 2012, 2:53 pm EDT</observation_time>
        <observation_time_rfc822>Tue, 09 Oct 2012 14:53:00 -0400</observation_time_rfc822>
	<weather>Light Rain Fog/Mist and Breezy</weather>
	<temperature_string>56.0 F (13.3 C)</temperature_string>
	<temp_f>56.0</temp_f>
	<temp_c>13.3</temp_c>
	<relative_humidity>97</relative_humidity>
	<wind_string>from the Northeast at 20.7 gusting to 25.3 MPH (18 gusting to 22 KT)</wind_string>
	<wind_dir>Northeast</wind_dir>
	<wind_degrees>40</wind_degrees>
	<wind_mph>20.7</wind_mph>
	<wind_gust_mph>25.3</wind_gust_mph>
	<wind_kt>18</wind_kt>
	<wind_gust_kt>22</wind_gust_kt>
	<pressure_string>1020.2 mb</pressure_string>
	<pressure_mb>1020.2</pressure_mb>
	<pressure_in>30.13</pressure_in>
	<dewpoint_string>55.0 F (12.8 C)</dewpoint_string>
	<dewpoint_f>55.0</dewpoint_f>
	<dewpoint_c>12.8</dewpoint_c>
	<windchill_string>51 F (11 C)</windchill_string>
      	<windchill_f>51</windchill_f>
      	<windchill_c>11</windchill_c>
	<visibility_mi>3.00</visibility_mi>
 	<icon_url_base>http://w1.weather.gov/images/fcicons/</icon_url_base>
	<two_day_history_url>http://www.weather.gov/data/obhistory/KACK.html</two_day_history_url>
	<icon_url_name>ra1.jpg</icon_url_name>
	<ob_url>http://www.nws.noaa.gov/data/METAR/KACK.1.txt</ob_url>
	<disclaimer_url>http://weather.gov/disclaimer</disclaimer_url>
	<copyright_url>http://weather.gov/disclaimer</copyright_url>
	<privacy_policy_url>http://weather.gov/privacy</privacy_policy_url>
</current_observation>
