<?xml version="1.0" encoding="ISO-8859-1"?> 
<?xml-stylesheet href="latest_ob.xsl" type="text/xsl"?>
<current_observation version="1.0"
	 xmlns:xsd="http://www.w3.org/2001/XMLSchema"
	 xmlns:xsi="http://www.w3.org/2001/XMLSchema-instance"
	 xsi:noNamespaceSchemaLocation="http://www.weather.gov/view/current_observation.xsd">
	<credit>NOAA's National Weather Service</credit>
	<credit_URL>http://weather.gov/</credit_URL>
	<image>
		<url>http://weather.gov/images/xml_logo.gif</url>
		<title>NOAA's National Weather Service</title>
		<link>http://weather.gov</link>
	</image>
	<suggested_pickup>15 minutes after the hour</suggested_pickup>
	<suggested_pickup_period>60</suggested_pickup_period>
	<location>Waco Regional Airport, TX</location>
	<station_id>KACT</station_id>
	<latitude>31.62</latitude>
	<longitude>-97.22</longitude>
	<observation_time>Last Updated on Oct 9 2012, 1:51 pm CDT</observation_time>
        <observation_time_rfc822>Tue, 09 Oct 2012 13:51:00 -0500</observation_time_rfc822>
	<weather>Overcast</weather>
	<temperature_string>75.0 F (23.9 C)</temperature_string>
	<temp_f>75.0</temp_f>
	<temp_c>23.9</temp_c>
	<relative_humidity>64</relative_humidity>
	<wind_string>South at 16.1 MPH (14 KT)</wind_string>
	<wind_dir>South</wind_dir>
	<wind_degrees>190</wind_degrees>
	<wind_mph>16.1</wind_mph>
	<wind_kt>14</wind_kt>
	<pressure_string>1014.0 mb</pressure_string>
	<pressure_mb>1014.0</pressure_mb>
	<pressure_in>29.96</pressure_in>
	<dewpoint_string>62.1 F (16.7 C)</dewpoint_string>
	<dewpoint_f>62.1</dewpoint_f>
	<dewpoint_c>16.7</dewpoint_c>
	<visibility_mi>9.00</visibility_mi>
 	<icon_url_base>http://w1.weather.gov/images/fcicons/</icon_url_base>
	<two_day_history_url>http://www.weather.gov/data/obhistory/KACT.html</two_day_history_url>
	<icon_url_name>ovc.jpg</icon_url_name>
	<ob_url>http://www.nws.noaa.gov/data/METAR/KACT.1.txt</ob_url>
	<disclaimer_url>http://weather.gov/disclaimer</disclaimer_url>
	<copyright_url>http://weather.gov/disclaimer</copyright_url>
	<privacy_policy_url>http://weather.gov/privacy</privacy_policy_url>
</current_observation>
