<?xml version="1.0" encoding="ISO-8859-1"?> 
<?xml-stylesheet href="latest_ob.xsl" type="text/xsl"?>
<current_observation version="1.0"
	 xmlns:xsd="http://www.w3.org/2001/XMLSchema"
	 xmlns:xsi="http://www.w3.org/2001/XMLSchema-instance"
	 xsi:noNamespaceSchemaLocation="http://www.weather.gov/view/current_observation.xsd">
	<credit>NOAA's National Weather Service</credit>
	<credit_URL>http://weather.gov/</credit_URL>
	<image>
		<url>http://weather.gov/images/xml_logo.gif</url>
		<title>NOAA's National Weather Service</title>
		<link>http://weather.gov</link>
	</image>
	<suggested_pickup>15 minutes after the hour</suggested_pickup>
	<suggested_pickup_period>60</suggested_pickup_period>
	<location>Adrian, Lenawee County Airport, MI</location>
	<station_id>KADG</station_id>
	<latitude>41.87</latitude>
	<longitude>-84.07</longitude>
	<observation_time>Last Updated on Oct 9 2012, 2:53 pm EDT</observation_time>
        <observation_time_rfc822>Tue, 09 Oct 2012 14:53:00 -0400</observation_time_rfc822>
	<weather>Fair</weather>
	<temperature_string>61.0 F (16.1 C)</temperature_string>
	<temp_f>61.0</temp_f>
	<temp_c>16.1</temp_c>
	<relative_humidity>38</relative_humidity>
	<wind_string>from the Southwest at 19.6 gusting to 27.6 MPH (17 gusting to 24 KT)</wind_string>
	<wind_dir>Southwest</wind_dir>
	<wind_degrees>220</wind_degrees>
	<wind_mph>19.6</wind_mph>
	<wind_gust_mph>27.6</wind_gust_mph>
	<wind_kt>17</wind_kt>
	<wind_gust_kt>24</wind_gust_kt>
	<pressure_string>1015.7 mb</pressure_string>
	<pressure_mb>1015.7</pressure_mb>
	<pressure_in>29.98</pressure_in>
	<dewpoint_string>35.1 F (1.7 C)</dewpoint_string>
	<dewpoint_f>35.1</dewpoint_f>
	<dewpoint_c>1.7</dewpoint_c>
	<windchill_string>58 F (14 C)</windchill_string>
      	<windchill_f>58</windchill_f>
      	<windchill_c>14</windchill_c>
	<visibility_mi>10.00</visibility_mi>
 	<icon_url_base>http://w1.weather.gov/images/fcicons/</icon_url_base>
	<two_day_history_url>http://www.weather.gov/data/obhistory/KADG.html</two_day_history_url>
	<icon_url_name>skc.jpg</icon_url_name>
	<ob_url>http://www.nws.noaa.gov/data/METAR/KADG.1.txt</ob_url>
	<disclaimer_url>http://weather.gov/disclaimer</disclaimer_url>
	<copyright_url>http://weather.gov/disclaimer</copyright_url>
	<privacy_policy_url>http://weather.gov/privacy</privacy_policy_url>
</current_observation>
