<?xml version="1.0" encoding="ISO-8859-1"?> 
<?xml-stylesheet href="latest_ob.xsl" type="text/xsl"?>
<current_observation version="1.0"
	 xmlns:xsd="http://www.w3.org/2001/XMLSchema"
	 xmlns:xsi="http://www.w3.org/2001/XMLSchema-instance"
	 xsi:noNamespaceSchemaLocation="http://www.weather.gov/view/current_observation.xsd">
	<credit>NOAA's National Weather Service</credit>
	<credit_URL>http://weather.gov/</credit_URL>
	<image>
		<url>http://weather.gov/images/xml_logo.gif</url>
		<title>NOAA's National Weather Service</title>
		<link>http://weather.gov</link>
	</image>
	<suggested_pickup>15 minutes after the hour</suggested_pickup>
	<suggested_pickup_period>60</suggested_pickup_period>
	<location>Ardmore Municipal, OK</location>
	<station_id>KADM</station_id>
	<latitude>34.3</latitude>
	<longitude>-97.02</longitude>
	<observation_time>Last Updated on Oct 9 2012, 9:55 am CDT</observation_time>
        <observation_time_rfc822>Tue, 09 Oct 2012 09:55:00 -0500</observation_time_rfc822>
	<weather>Partly Cloudy</weather>
	<temperature_string>63.0 F (17.0 C)</temperature_string>
	<temp_f>63.0</temp_f>
	<temp_c>17.0</temp_c>
	<relative_humidity>73</relative_humidity>
	<wind_string>from the South at 15.0 gusting to 24.2 MPH (13 gusting to 21 KT)</wind_string>
	<wind_dir>South</wind_dir>
	<wind_degrees>170</wind_degrees>
	<wind_mph>15.0</wind_mph>
	<wind_gust_mph>24.2</wind_gust_mph>
	<wind_kt>13</wind_kt>
	<wind_gust_kt>21</wind_gust_kt>
	<pressure_in>29.98</pressure_in>
	<dewpoint_string>53.6 F (12.0 C)</dewpoint_string>
	<dewpoint_f>53.6</dewpoint_f>
	<dewpoint_c>12.0</dewpoint_c>
	<windchill_string>61 F (16 C)</windchill_string>
      	<windchill_f>61</windchill_f>
      	<windchill_c>16</windchill_c>
	<visibility_mi>10.00</visibility_mi>
 	<icon_url_base>http://w1.weather.gov/images/fcicons/</icon_url_base>
	<two_day_history_url>http://www.weather.gov/data/obhistory/KADM.html</two_day_history_url>
	<icon_url_name>sct.jpg</icon_url_name>
	<ob_url>http://www.nws.noaa.gov/data/METAR/KADM.1.txt</ob_url>
	<disclaimer_url>http://weather.gov/disclaimer</disclaimer_url>
	<copyright_url>http://weather.gov/disclaimer</copyright_url>
	<privacy_policy_url>http://weather.gov/privacy</privacy_policy_url>
</current_observation>
