<?xml version="1.0" encoding="ISO-8859-1"?> 
<?xml-stylesheet href="latest_ob.xsl" type="text/xsl"?>
<current_observation version="1.0"
	 xmlns:xsd="http://www.w3.org/2001/XMLSchema"
	 xmlns:xsi="http://www.w3.org/2001/XMLSchema-instance"
	 xsi:noNamespaceSchemaLocation="http://www.weather.gov/view/current_observation.xsd">
	<credit>NOAA's National Weather Service</credit>
	<credit_URL>http://weather.gov/</credit_URL>
	<image>
		<url>http://weather.gov/images/xml_logo.gif</url>
		<title>NOAA's National Weather Service</title>
		<link>http://weather.gov</link>
	</image>
	<suggested_pickup>15 minutes after the hour</suggested_pickup>
	<suggested_pickup_period>60</suggested_pickup_period>
	<location>Central Colorado Regional Airport, CO</location>
	<station_id>KAEJ</station_id>
	<latitude>38.8142</latitude>
	<longitude>-106.121</longitude>
	<observation_time>Last Updated on Sep 20 2012, 2:55 pm MDT</observation_time>
        <observation_time_rfc822>Thu, 20 Sep 2012 14:55:00 -0600</observation_time_rfc822>
	<weather>Fair</weather>
	<temperature_string>73.0 F (22.8 C)</temperature_string>
	<temp_f>73.0</temp_f>
	<temp_c>22.8</temp_c>
	<relative_humidity>9</relative_humidity>
	<wind_string>Calm</wind_string>
	<wind_dir>North</wind_dir>
	<wind_degrees>0</wind_degrees>
	<wind_mph>0.0</wind_mph>
	<wind_kt>0</wind_kt>
	<pressure_in>30.28</pressure_in>
	<dewpoint_string>10.0 F (-12.2 C)</dewpoint_string>
	<dewpoint_f>10.0</dewpoint_f>
	<dewpoint_c>-12.2</dewpoint_c>
	<visibility_mi>10.00</visibility_mi>
 	<icon_url_base>http://w1.weather.gov/images/fcicons/</icon_url_base>
	<two_day_history_url>http://www.weather.gov/data/obhistory/KAEJ.html</two_day_history_url>
	<icon_url_name>skc.jpg</icon_url_name>
	<ob_url>http://www.nws.noaa.gov/data/METAR/KAEJ.1.txt</ob_url>
	<disclaimer_url>http://weather.gov/disclaimer</disclaimer_url>
	<copyright_url>http://weather.gov/disclaimer</copyright_url>
	<privacy_policy_url>http://weather.gov/privacy</privacy_policy_url>
</current_observation>
