<?xml version="1.0" encoding="ISO-8859-1"?> 
<?xml-stylesheet href="latest_ob.xsl" type="text/xsl"?>
<current_observation version="1.0"
	 xmlns:xsd="http://www.w3.org/2001/XMLSchema"
	 xmlns:xsi="http://www.w3.org/2001/XMLSchema-instance"
	 xsi:noNamespaceSchemaLocation="http://www.weather.gov/view/current_observation.xsd">
	<credit>NOAA's National Weather Service</credit>
	<credit_URL>http://weather.gov/</credit_URL>
	<image>
		<url>http://weather.gov/images/xml_logo.gif</url>
		<title>NOAA's National Weather Service</title>
		<link>http://weather.gov</link>
	</image>
	<suggested_pickup>15 minutes after the hour</suggested_pickup>
	<suggested_pickup_period>60</suggested_pickup_period>
	<location>Alexandria International Airport, LA</location>
	<station_id>KAEX</station_id>
	<latitude>31.33</latitude>
	<longitude>-92.55</longitude>
	<observation_time>Last Updated on Oct 9 2012, 1:53 pm CDT</observation_time>
        <observation_time_rfc822>Tue, 09 Oct 2012 13:53:00 -0500</observation_time_rfc822>
	<weather>Fair</weather>
	<temperature_string>75.0 F (23.9 C)</temperature_string>
	<temp_f>75.0</temp_f>
	<temp_c>23.9</temp_c>
	<relative_humidity>50</relative_humidity>
	<wind_string>Variable at 3.5 MPH (3 KT)</wind_string>
	<wind_dir>Variable</wind_dir>
	<wind_degrees>999</wind_degrees>
	<wind_mph>3.5</wind_mph>
	<wind_kt>3</wind_kt>
	<pressure_string>1017.8 mb</pressure_string>
	<pressure_mb>1017.8</pressure_mb>
	<pressure_in>30.05</pressure_in>
	<dewpoint_string>55.0 F (12.8 C)</dewpoint_string>
	<dewpoint_f>55.0</dewpoint_f>
	<dewpoint_c>12.8</dewpoint_c>
	<visibility_mi>10.00</visibility_mi>
 	<icon_url_base>http://w1.weather.gov/images/fcicons/</icon_url_base>
	<two_day_history_url>http://www.weather.gov/data/obhistory/KAEX.html</two_day_history_url>
	<icon_url_name>skc.jpg</icon_url_name>
	<ob_url>http://www.nws.noaa.gov/data/METAR/KAEX.1.txt</ob_url>
	<disclaimer_url>http://weather.gov/disclaimer</disclaimer_url>
	<copyright_url>http://weather.gov/disclaimer</copyright_url>
	<privacy_policy_url>http://weather.gov/privacy</privacy_policy_url>
</current_observation>
