<?xml version="1.0" encoding="ISO-8859-1"?> 
<?xml-stylesheet href="latest_ob.xsl" type="text/xsl"?>
<current_observation version="1.0"
	 xmlns:xsd="http://www.w3.org/2001/XMLSchema"
	 xmlns:xsi="http://www.w3.org/2001/XMLSchema-instance"
	 xsi:noNamespaceSchemaLocation="http://www.weather.gov/view/current_observation.xsd">
	<credit>NOAA's National Weather Service</credit>
	<credit_URL>http://weather.gov/</credit_URL>
	<image>
		<url>http://weather.gov/images/xml_logo.gif</url>
		<title>NOAA's National Weather Service</title>
		<link>http://weather.gov</link>
	</image>
	<suggested_pickup>15 minutes after the hour</suggested_pickup>
	<suggested_pickup_period>60</suggested_pickup_period>
	<location>Fort Worth Alliance Airport, TX</location>
	<station_id>KAFW</station_id>
	<latitude>32.98</latitude>
	<longitude>-97.32</longitude>
	<observation_time>Last Updated on Oct 9 2012, 1:53 pm CDT</observation_time>
        <observation_time_rfc822>Tue, 09 Oct 2012 13:53:00 -0500</observation_time_rfc822>
	<weather>A Few Clouds</weather>
	<temperature_string>77.0 F (25.0 C)</temperature_string>
	<temp_f>77.0</temp_f>
	<temp_c>25.0</temp_c>
	<relative_humidity>52</relative_humidity>
	<wind_string>from the South at 17.3 gusting to 28.8 MPH (15 gusting to 25 KT)</wind_string>
	<wind_dir>South</wind_dir>
	<wind_degrees>190</wind_degrees>
	<wind_mph>17.3</wind_mph>
	<wind_gust_mph>28.8</wind_gust_mph>
	<wind_kt>15</wind_kt>
	<wind_gust_kt>25</wind_gust_kt>
	<pressure_string>1011.7 mb</pressure_string>
	<pressure_mb>1011.7</pressure_mb>
	<pressure_in>29.89</pressure_in>
	<dewpoint_string>57.9 F (14.4 C)</dewpoint_string>
	<dewpoint_f>57.9</dewpoint_f>
	<dewpoint_c>14.4</dewpoint_c>
	<visibility_mi>10.00</visibility_mi>
 	<icon_url_base>http://w1.weather.gov/images/fcicons/</icon_url_base>
	<two_day_history_url>http://www.weather.gov/data/obhistory/KAFW.html</two_day_history_url>
	<icon_url_name>few.jpg</icon_url_name>
	<ob_url>http://www.nws.noaa.gov/data/METAR/KAFW.1.txt</ob_url>
	<disclaimer_url>http://weather.gov/disclaimer</disclaimer_url>
	<copyright_url>http://weather.gov/disclaimer</copyright_url>
	<privacy_policy_url>http://weather.gov/privacy</privacy_policy_url>
</current_observation>
