<?xml version="1.0" encoding="ISO-8859-1"?> 
<?xml-stylesheet href="latest_ob.xsl" type="text/xsl"?>
<current_observation version="1.0"
	 xmlns:xsd="http://www.w3.org/2001/XMLSchema"
	 xmlns:xsi="http://www.w3.org/2001/XMLSchema-instance"
	 xsi:noNamespaceSchemaLocation="http://www.weather.gov/view/current_observation.xsd">
	<credit>NOAA's National Weather Service</credit>
	<credit_URL>http://weather.gov/</credit_URL>
	<image>
		<url>http://weather.gov/images/xml_logo.gif</url>
		<title>NOAA's National Weather Service</title>
		<link>http://weather.gov</link>
	</image>
	<suggested_pickup>15 minutes after the hour</suggested_pickup>
	<suggested_pickup_period>60</suggested_pickup_period>
	<location>Corona Airport, CA</location>
	<station_id>KAJO</station_id>
	<latitude>33.87</latitude>
	<longitude>-117.57</longitude>
	<observation_time>Last Updated on Oct 9 2012, 11:56 am PDT</observation_time>
        <observation_time_rfc822>Tue, 09 Oct 2012 11:56:00 -0700</observation_time_rfc822>
	<weather>Fair</weather>
	<temperature_string>73.0 F (22.7 C)</temperature_string>
	<temp_f>73.0</temp_f>
	<temp_c>22.7</temp_c>
	<relative_humidity>57</relative_humidity>
	<pressure_string>1014.6 mb</pressure_string>
	<pressure_mb>1014.6</pressure_mb>
	<pressure_in>29.98</pressure_in>
	<dewpoint_string>56.8 F (13.8 C)</dewpoint_string>
	<dewpoint_f>56.8</dewpoint_f>
	<dewpoint_c>13.8</dewpoint_c>
	<visibility_mi>10.00</visibility_mi>
 	<icon_url_base>http://w1.weather.gov/images/fcicons/</icon_url_base>
	<two_day_history_url>http://www.weather.gov/data/obhistory/KAJO.html</two_day_history_url>
	<icon_url_name>skc.jpg</icon_url_name>
	<ob_url>http://www.nws.noaa.gov/data/METAR/KAJO.1.txt</ob_url>
	<disclaimer_url>http://weather.gov/disclaimer</disclaimer_url>
	<copyright_url>http://weather.gov/disclaimer</copyright_url>
	<privacy_policy_url>http://weather.gov/privacy</privacy_policy_url>
</current_observation>
