<?xml version="1.0" encoding="ISO-8859-1"?> 
<?xml-stylesheet href="latest_ob.xsl" type="text/xsl"?>
<current_observation version="1.0"
	 xmlns:xsd="http://www.w3.org/2001/XMLSchema"
	 xmlns:xsi="http://www.w3.org/2001/XMLSchema-instance"
	 xsi:noNamespaceSchemaLocation="http://www.weather.gov/view/current_observation.xsd">
	<credit>NOAA's National Weather Service</credit>
	<credit_URL>http://weather.gov/</credit_URL>
	<image>
		<url>http://weather.gov/images/xml_logo.gif</url>
		<title>NOAA's National Weather Service</title>
		<link>http://weather.gov</link>
	</image>
	<suggested_pickup>15 minutes after the hour</suggested_pickup>
	<suggested_pickup_period>60</suggested_pickup_period>
	<location>Wakefield Municipal Airport, VA</location>
	<station_id>KAKQ</station_id>
	<latitude>36.99</latitude>
	<longitude>-77</longitude>
	<observation_time>Last Updated on Oct 9 2012, 2:54 pm EDT</observation_time>
        <observation_time_rfc822>Tue, 09 Oct 2012 14:54:00 -0400</observation_time_rfc822>
	<weather>Overcast</weather>
	<temperature_string>57.0 F (13.9 C)</temperature_string>
	<temp_f>57.0</temp_f>
	<temp_c>13.9</temp_c>
	<relative_humidity>87</relative_humidity>
	<wind_string>North at 4.6 MPH (4 KT)</wind_string>
	<wind_dir>North</wind_dir>
	<wind_degrees>10</wind_degrees>
	<wind_mph>4.6</wind_mph>
	<wind_kt>4</wind_kt>
	<pressure_string>1018.8 mb</pressure_string>
	<pressure_mb>1018.8</pressure_mb>
	<pressure_in>30.09</pressure_in>
	<dewpoint_string>53.1 F (11.7 C)</dewpoint_string>
	<dewpoint_f>53.1</dewpoint_f>
	<dewpoint_c>11.7</dewpoint_c>
	<windchill_string>57 F (14 C)</windchill_string>
      	<windchill_f>57</windchill_f>
      	<windchill_c>14</windchill_c>
	<visibility_mi>10.00</visibility_mi>
 	<icon_url_base>http://w1.weather.gov/images/fcicons/</icon_url_base>
	<two_day_history_url>http://www.weather.gov/data/obhistory/KAKQ.html</two_day_history_url>
	<icon_url_name>ovc.jpg</icon_url_name>
	<ob_url>http://www.nws.noaa.gov/data/METAR/KAKQ.1.txt</ob_url>
	<disclaimer_url>http://weather.gov/disclaimer</disclaimer_url>
	<copyright_url>http://weather.gov/disclaimer</copyright_url>
	<privacy_policy_url>http://weather.gov/privacy</privacy_policy_url>
</current_observation>
