<?xml version="1.0" encoding="ISO-8859-1"?> 
<?xml-stylesheet href="latest_ob.xsl" type="text/xsl"?>
<current_observation version="1.0"
	 xmlns:xsd="http://www.w3.org/2001/XMLSchema"
	 xmlns:xsi="http://www.w3.org/2001/XMLSchema-instance"
	 xsi:noNamespaceSchemaLocation="http://www.weather.gov/view/current_observation.xsd">
	<credit>NOAA's National Weather Service</credit>
	<credit_URL>http://weather.gov/</credit_URL>
	<image>
		<url>http://weather.gov/images/xml_logo.gif</url>
		<title>NOAA's National Weather Service</title>
		<link>http://weather.gov</link>
	</image>
	<suggested_pickup>15 minutes after the hour</suggested_pickup>
	<suggested_pickup_period>60</suggested_pickup_period>
	<location>Walla Walla Rgn, WA</location>
	<station_id>KALW</station_id>
	<latitude>46.09</latitude>
	<longitude>-118.29</longitude>
	<observation_time>Last Updated on Oct 9 2012, 11:53 am PDT</observation_time>
        <observation_time_rfc822>Tue, 09 Oct 2012 11:53:00 -0700</observation_time_rfc822>
	<weather>Fair</weather>
	<temperature_string>66.0 F (18.9 C)</temperature_string>
	<temp_f>66.0</temp_f>
	<temp_c>18.9</temp_c>
	<relative_humidity>27</relative_humidity>
	<wind_string>Southwest at 5.8 MPH (5 KT)</wind_string>
	<wind_dir>Southwest</wind_dir>
	<wind_degrees>230</wind_degrees>
	<wind_mph>5.8</wind_mph>
	<wind_kt>5</wind_kt>
	<pressure_string>1018.4 mb</pressure_string>
	<pressure_mb>1018.4</pressure_mb>
	<pressure_in>30.07</pressure_in>
	<dewpoint_string>30.9 F (-0.6 C)</dewpoint_string>
	<dewpoint_f>30.9</dewpoint_f>
	<dewpoint_c>-0.6</dewpoint_c>
	<visibility_mi>9.00</visibility_mi>
 	<icon_url_base>http://w1.weather.gov/images/fcicons/</icon_url_base>
	<two_day_history_url>http://www.weather.gov/data/obhistory/KALW.html</two_day_history_url>
	<icon_url_name>skc.jpg</icon_url_name>
	<ob_url>http://www.nws.noaa.gov/data/METAR/KALW.1.txt</ob_url>
	<disclaimer_url>http://weather.gov/disclaimer</disclaimer_url>
	<copyright_url>http://weather.gov/disclaimer</copyright_url>
	<privacy_policy_url>http://weather.gov/privacy</privacy_policy_url>
</current_observation>
