<?xml version="1.0" encoding="ISO-8859-1"?> 
<?xml-stylesheet href="latest_ob.xsl" type="text/xsl"?>
<current_observation version="1.0"
	 xmlns:xsd="http://www.w3.org/2001/XMLSchema"
	 xmlns:xsi="http://www.w3.org/2001/XMLSchema-instance"
	 xsi:noNamespaceSchemaLocation="http://www.weather.gov/view/current_observation.xsd">
	<credit>NOAA's National Weather Service</credit>
	<credit_URL>http://weather.gov/</credit_URL>
	<image>
		<url>http://weather.gov/images/xml_logo.gif</url>
		<title>NOAA's National Weather Service</title>
		<link>http://weather.gov</link>
	</image>
	<suggested_pickup>15 minutes after the hour</suggested_pickup>
	<suggested_pickup_period>60</suggested_pickup_period>
	<location>Alma, Gratiot Community Airport, MI</location>
	<station_id>KAMN</station_id>
	<latitude>43.32</latitude>
	<longitude>-84.69</longitude>
	<observation_time>Last Updated on Oct 9 2012, 2:51 pm EDT</observation_time>
        <observation_time_rfc822>Tue, 09 Oct 2012 14:51:00 -0400</observation_time_rfc822>
	<weather>Fair and Breezy</weather>
	<temperature_string>62.0 F (16.5 C)</temperature_string>
	<temp_f>62.0</temp_f>
	<temp_c>16.5</temp_c>
	<relative_humidity>37</relative_humidity>
	<wind_string>from the South at 20.7 gusting to 29.9 MPH (18 gusting to 26 KT)</wind_string>
	<wind_dir>South</wind_dir>
	<wind_degrees>190</wind_degrees>
	<wind_mph>20.7</wind_mph>
	<wind_gust_mph>29.9</wind_gust_mph>
	<wind_kt>18</wind_kt>
	<wind_gust_kt>26</wind_gust_kt>
	<pressure_in>29.85</pressure_in>
	<dewpoint_string>35.1 F (1.7 C)</dewpoint_string>
	<dewpoint_f>35.1</dewpoint_f>
	<dewpoint_c>1.7</dewpoint_c>
	<windchill_string>59 F (15 C)</windchill_string>
      	<windchill_f>59</windchill_f>
      	<windchill_c>15</windchill_c>
	<visibility_mi>10.00</visibility_mi>
 	<icon_url_base>http://w1.weather.gov/images/fcicons/</icon_url_base>
	<two_day_history_url>http://www.weather.gov/data/obhistory/KAMN.html</two_day_history_url>
	<icon_url_name>skc.jpg</icon_url_name>
	<ob_url>http://www.nws.noaa.gov/data/METAR/KAMN.1.txt</ob_url>
	<disclaimer_url>http://weather.gov/disclaimer</disclaimer_url>
	<copyright_url>http://weather.gov/disclaimer</copyright_url>
	<privacy_policy_url>http://weather.gov/privacy</privacy_policy_url>
</current_observation>
