<?xml version="1.0" encoding="ISO-8859-1"?> 
<?xml-stylesheet href="latest_ob.xsl" type="text/xsl"?>
<current_observation version="1.0"
	 xmlns:xsd="http://www.w3.org/2001/XMLSchema"
	 xmlns:xsi="http://www.w3.org/2001/XMLSchema-instance"
	 xsi:noNamespaceSchemaLocation="http://www.weather.gov/view/current_observation.xsd">
	<credit>NOAA's National Weather Service</credit>
	<credit_URL>http://weather.gov/</credit_URL>
	<image>
		<url>http://weather.gov/images/xml_logo.gif</url>
		<title>NOAA's National Weather Service</title>
		<link>http://weather.gov</link>
	</image>
	<suggested_pickup>15 minutes after the hour</suggested_pickup>
	<suggested_pickup_period>60</suggested_pickup_period>
	<location>Salida/Harriet Alexander Field, CO</location>
	<station_id>KANK</station_id>
	<latitude>38.5383</latitude>
	<longitude>-106.049</longitude>
	<observation_time>Last Updated on Oct 9 2012, 12:55 pm MDT</observation_time>
        <observation_time_rfc822>Tue, 09 Oct 2012 12:55:00 -0600</observation_time_rfc822>
	<weather>Fair</weather>
	<temperature_string>67.0 F (19.6 C)</temperature_string>
	<temp_f>67.0</temp_f>
	<temp_c>19.6</temp_c>
	<relative_humidity>12</relative_humidity>
	<wind_string>from the West at 16.1 gusting to 28.8 MPH (14 gusting to 25 KT)</wind_string>
	<wind_dir>West</wind_dir>
	<wind_degrees>260</wind_degrees>
	<wind_mph>16.1</wind_mph>
	<wind_gust_mph>28.8</wind_gust_mph>
	<wind_kt>14</wind_kt>
	<wind_gust_kt>25</wind_gust_kt>
	<pressure_in>30.14</pressure_in>
	<dewpoint_string>12.4 F (-10.9 C)</dewpoint_string>
	<dewpoint_f>12.4</dewpoint_f>
	<dewpoint_c>-10.9</dewpoint_c>
	<visibility_mi>10.00</visibility_mi>
 	<icon_url_base>http://w1.weather.gov/images/fcicons/</icon_url_base>
	<two_day_history_url>http://www.weather.gov/data/obhistory/KANK.html</two_day_history_url>
	<icon_url_name>skc.jpg</icon_url_name>
	<ob_url>http://www.nws.noaa.gov/data/METAR/KANK.1.txt</ob_url>
	<disclaimer_url>http://weather.gov/disclaimer</disclaimer_url>
	<copyright_url>http://weather.gov/disclaimer</copyright_url>
	<privacy_policy_url>http://weather.gov/privacy</privacy_policy_url>
</current_observation>
