<?xml version="1.0" encoding="ISO-8859-1"?> 
<?xml-stylesheet href="latest_ob.xsl" type="text/xsl"?>
<current_observation version="1.0"
	 xmlns:xsd="http://www.w3.org/2001/XMLSchema"
	 xmlns:xsi="http://www.w3.org/2001/XMLSchema-instance"
	 xsi:noNamespaceSchemaLocation="http://www.weather.gov/view/current_observation.xsd">
	<credit>NOAA's National Weather Service</credit>
	<credit_URL>http://weather.gov/</credit_URL>
	<image>
		<url>http://weather.gov/images/xml_logo.gif</url>
		<title>NOAA's National Weather Service</title>
		<link>http://weather.gov</link>
	</image>
	<suggested_pickup>15 minutes after the hour</suggested_pickup>
	<suggested_pickup_period>60</suggested_pickup_period>
	<location>Ainsworth Municipal, NE</location>
	<station_id>KANW</station_id>
	<latitude>42.59</latitude>
	<longitude>-99.99</longitude>
	<observation_time>Last Updated on Oct 9 2012, 1:55 pm CDT</observation_time>
        <observation_time_rfc822>Tue, 09 Oct 2012 13:55:00 -0500</observation_time_rfc822>
	<weather>Partly Cloudy and Breezy</weather>
	<temperature_string>50.0 F (9.9 C)</temperature_string>
	<temp_f>50.0</temp_f>
	<temp_c>9.9</temp_c>
	<relative_humidity>41</relative_humidity>
	<wind_string>from the Northwest at 20.7 gusting to 32.2 MPH (18 gusting to 28 KT)</wind_string>
	<wind_dir>Northwest</wind_dir>
	<wind_degrees>320</wind_degrees>
	<wind_mph>20.7</wind_mph>
	<wind_gust_mph>32.2</wind_gust_mph>
	<wind_kt>18</wind_kt>
	<wind_gust_kt>28</wind_gust_kt>
	<pressure_in>30.05</pressure_in>
	<dewpoint_string>26.8 F (-2.9 C)</dewpoint_string>
	<dewpoint_f>26.8</dewpoint_f>
	<dewpoint_c>-2.9</dewpoint_c>
	<windchill_string>43 F (6 C)</windchill_string>
      	<windchill_f>43</windchill_f>
      	<windchill_c>6</windchill_c>
	<visibility_mi>10.00</visibility_mi>
 	<icon_url_base>http://w1.weather.gov/images/fcicons/</icon_url_base>
	<two_day_history_url>http://www.weather.gov/data/obhistory/KANW.html</two_day_history_url>
	<icon_url_name>sct.jpg</icon_url_name>
	<ob_url>http://www.nws.noaa.gov/data/METAR/KANW.1.txt</ob_url>
	<disclaimer_url>http://weather.gov/disclaimer</disclaimer_url>
	<copyright_url>http://weather.gov/disclaimer</copyright_url>
	<privacy_policy_url>http://weather.gov/privacy</privacy_policy_url>
</current_observation>
