<?xml version="1.0" encoding="ISO-8859-1"?> 
<?xml-stylesheet href="latest_ob.xsl" type="text/xsl"?>
<current_observation version="1.0"
	 xmlns:xsd="http://www.w3.org/2001/XMLSchema"
	 xmlns:xsi="http://www.w3.org/2001/XMLSchema-instance"
	 xsi:noNamespaceSchemaLocation="http://www.weather.gov/view/current_observation.xsd">
	<credit>NOAA's National Weather Service</credit>
	<credit_URL>http://weather.gov/</credit_URL>
	<image>
		<url>http://weather.gov/images/xml_logo.gif</url>
		<title>NOAA's National Weather Service</title>
		<link>http://weather.gov</link>
	</image>
	<suggested_pickup>15 minutes after the hour</suggested_pickup>
	<suggested_pickup_period>60</suggested_pickup_period>
	<location>Napa Co. Airport, CA</location>
	<station_id>KAPC</station_id>
	<latitude>38.21</latitude>
	<longitude>-122.28</longitude>
	<observation_time>Last Updated on Oct 9 2012, 11:54 am PDT</observation_time>
        <observation_time_rfc822>Tue, 09 Oct 2012 11:54:00 -0700</observation_time_rfc822>
	<weather>A Few Clouds</weather>
	<wind_string>Southwest at 3.5 MPH (3 KT)</wind_string>
	<wind_dir>Southwest</wind_dir>
	<wind_degrees>230</wind_degrees>
	<wind_mph>3.5</wind_mph>
	<wind_kt>3</wind_kt>
	<pressure_string>1015.9 mb</pressure_string>
	<pressure_mb>1015.9</pressure_mb>
	<pressure_in>30.02</pressure_in>
 	<icon_url_base>http://w1.weather.gov/images/fcicons/</icon_url_base>
	<two_day_history_url>http://www.weather.gov/data/obhistory/KAPC.html</two_day_history_url>
	<icon_url_name>few.jpg</icon_url_name>
	<ob_url>http://www.nws.noaa.gov/data/METAR/KAPC.1.txt</ob_url>
	<disclaimer_url>http://weather.gov/disclaimer</disclaimer_url>
	<copyright_url>http://weather.gov/disclaimer</copyright_url>
	<privacy_policy_url>http://weather.gov/privacy</privacy_policy_url>
</current_observation>
