<?xml version="1.0" encoding="ISO-8859-1"?> 
<?xml-stylesheet href="latest_ob.xsl" type="text/xsl"?>
<current_observation version="1.0"
	 xmlns:xsd="http://www.w3.org/2001/XMLSchema"
	 xmlns:xsi="http://www.w3.org/2001/XMLSchema-instance"
	 xsi:noNamespaceSchemaLocation="http://www.weather.gov/view/current_observation.xsd">
	<credit>NOAA's National Weather Service</credit>
	<credit_URL>http://weather.gov/</credit_URL>
	<image>
		<url>http://weather.gov/images/xml_logo.gif</url>
		<title>NOAA's National Weather Service</title>
		<link>http://weather.gov</link>
	</image>
	<suggested_pickup>15 minutes after the hour</suggested_pickup>
	<suggested_pickup_period>60</suggested_pickup_period>
	<location>Llano Municipal Airport, TX</location>
	<station_id>KAQO</station_id>
	<latitude>30.7837</latitude>
	<longitude>-98.662</longitude>
	<observation_time>Last Updated on Oct 9 2012, 1:55 pm CDT</observation_time>
        <observation_time_rfc822>Tue, 09 Oct 2012 13:55:00 -0500</observation_time_rfc822>
	<weather>Fair</weather>
	<temperature_string>82.0 F (28.0 C)</temperature_string>
	<temp_f>82.0</temp_f>
	<temp_c>28.0</temp_c>
	<relative_humidity>51</relative_humidity>
	<wind_string>from the Southwest at 17.3 gusting to 24.2 MPH (15 gusting to 21 KT)</wind_string>
	<wind_dir>Southwest</wind_dir>
	<wind_degrees>210</wind_degrees>
	<wind_mph>17.3</wind_mph>
	<wind_gust_mph>24.2</wind_gust_mph>
	<wind_kt>15</wind_kt>
	<wind_gust_kt>21</wind_gust_kt>
	<pressure_in>29.99</pressure_in>
	<dewpoint_string>62.6 F (17.0 C)</dewpoint_string>
	<dewpoint_f>62.6</dewpoint_f>
	<dewpoint_c>17.0</dewpoint_c>
	<heat_index_string>83 F (28 C)</heat_index_string>
      	<heat_index_f>83</heat_index_f>
      	<heat_index_c>28</heat_index_c>
	<visibility_mi>10.00</visibility_mi>
 	<icon_url_base>http://w1.weather.gov/images/fcicons/</icon_url_base>
	<two_day_history_url>http://www.weather.gov/data/obhistory/KAQO.html</two_day_history_url>
	<icon_url_name>skc.jpg</icon_url_name>
	<ob_url>http://www.nws.noaa.gov/data/METAR/KAQO.1.txt</ob_url>
	<disclaimer_url>http://weather.gov/disclaimer</disclaimer_url>
	<copyright_url>http://weather.gov/disclaimer</copyright_url>
	<privacy_policy_url>http://weather.gov/privacy</privacy_policy_url>
</current_observation>
